ELEID,REQNO,HAPPENTIME,DATA
2371788,53553,2025-12-08 10:58:17,"255,255,0,0,0,0,0,0,0,0,0,0,0,0,0,0,0,0,0,0,0,0,0,0,0,0,0,0,0,0,0,0,255,255,255,255,255,255,255,255,0,0,0,0,0,0,0,0,0,0,0,0,0,0,0,0,0,0,0,0,255,254,0,0,0,0,0,0,0,0,0,0,0,0,0,0,255,255,0,0,0,0,255,255,0,0,0,0,0,0,0,0,255,255,255,255,0,0,0,0,255,255,255,255,0,0,0,0,0,0,0,0,255,254,0,0,0,0,0,0,0,0,127,255,255,255,255,255,0,0,0,0,0,0,0,0,0,0,0,0,255,255,255,255,255,255,192,0,0,0,0,0,0,0,0,0,255,255,255,255,0,0,0,0,0,0,0,0,0,0,0,0,255,255,0,0,255,255,255,0,255,255,0,0,0,0,0,0,255,254,0,0,0,0,0,0,0,0,0,0,255,255,128,0,255,254,0,0,255,255,224,0,255,255,255,255,0,0,0,0,0,0,0,0,0,0,0,0,0,0,0,0,255,255,224,0,255,255,255,0,0,0,0,0,0,0,0,0,255,254,0,0,0,0,0,0,0,0,0,0,255,255,0,0,255,255,255,255,255,255,128,0,0,0,0,0,255,255,128,0,255,255,128,0,255,252,0,0,0,0,0,0,255,255,128,0,255,255,240,0,255,255,240,0,255,255,0,0,255,255,128,0,255,254,0,0,0,0,0,0,0,0,31,255,0,0,63,255,0,0,31,255,255,255,255,255,0,0,0,0,0,0,255,255,255,255,255,255,255,255,255,255,255,255,255,255,255,255,255,255,255,255,255,255,255,255,255,255,0,0,0,0,255,255,255,255,0,0,0,0,0,0,0,0,0,0,0,0,0,0,0,0,0,0,0,0,0,0,0,0,0,0,0,0,0,0,0,0,0,0,0,0,0,0,0,0,0,0,0,0,0,0,0,0,0,0,0,0,0,0,0,0,0,0,255,255,0,0,0,0,0,0,0,0,0,0,0,0,0,0,0,0,0,0,0,0,0,0,0,0,0,0,0,0,255,255,255,255,255,255,255,255,255,255,255,255,0,0,0,0,0,0,0,0,0,0,0,0,0,0,0,0,0,0,0,0,0,0,0,0,0,0,0,0,0,0,0,0,0,0,0,0,0,0,0,0,0,0,0,0,0,0,0,0,0,0,0,0,0,0,127,255,0,0,0,0,255,255,255,255,0,0,0,0,255,255,255,255,255,255,255,255,255,255,255,255,0,0,0,0,255,255,255,255,255,255,255,255,255,255,255,255,255,255,255,255,0,0,0,0,0,0,0,0,0,0,0,0,0,0,0,0,0,0,0,0,0,0,0,0,255,255,255,255,0,0,0,0,0,0,0,0,0,0,0,0,0,0,0,0,0,0,0,0,0,0,0,0,0,0,0,0,0,0,0,0,0,0,0,0,0,0,0,0,255,255,255,255,0,0,0,0,0,0,0,0,0,0,0,0,0,0,0,0,0,0,0,0,0,0,0,0,0,0,0,0,0,0,0,0,0,0,0,0,0,0,0,0,0,0,0,0,0,0,0,0,0,0,0,0,0,0,0,0,255,255,255,255,255,255,255,255,255,255,255,255,127,255,255,255,0,0,0,0,0,0,0,0,0,0,0,0,0,0,0,0,255,255,255,255,255,255,255,255,0,0,0,0,0,0,0,0,0,0,0,0,0,0,0,0,0,0,0,0,0,0,0,0,0,0,0,0,0,0,0,0,255,255,255,255,255,255,255,255,255,255,255,255,255,255,255,255,0,0,0,0,0,0,0,0,0,0,0,0,0,0,0,0,0,0,0,0,0,0,0,0,0,0,0,0,0,0,0,0,0,0,0,0,0,0,0,0,0,0,0,0,0,0,0,0,0,0,0,0,0,0,0,0,0,0,0,0,0,0,0,0,0,0,0,0,0,0,0,0,0,0,0,0,0,0,0,0,0,0,0,0,0,0,0,0,0,0,0,0,0,0,0,0,0,0,0,0,0,0,0,0,0,0,0,0,0,0,0,0,0,0,0,0,0,0,0,0,0,0,0,0,0,0,0,0,0,0,0,0,0,0,0,0,0,0,0,0,0,0,0,0,0,0,0,0,0,0,0,0,0,0,0,0,0,0,0,0,0,0,0,0,0,0,0,0,0,0,0,0,0,3,255,255,0,0,0,0,0,0,0,0,0,0,0,0,0,0,0,0,0,0,0,0,0,0,0,0,0,0,0,0,0,0,0,0,127,255,255,255,0,0,0,0,0,0,0,0,0,0,0,0,0,0,0,0,0,0,0,0"
2371788,53556,2025-12-08 10:58:17,"0,14,0,8,255,255,255,244,0,0,42,168,255,255,255,244,0,1,245,225,255,255,255,189,255,255,255,201,255,255,255,250,0,0,0,0,0,0,0,0,0,0,0,0,0,0,0,0,0,0,0,0,0,0,0,0,0,0,0,0,0,0,0,0,0,14,0,8,255,255,255,245,0,0,42,168,255,255,255,245,0,1,245,225,255,255,255,189,255,255,255,204,255,255,255,253,0,0,0,0,0,0,0,0,0,0,0,0,0,0,0,0,0,0,0,0,0,0,0,0,0,0,0,0,0,0,0,0,0,14,0,8,255,255,255,246,0,0,42,168,255,255,255,246,0,1,245,225,255,255,255,189,255,255,255,209,255,255,255,253,0,0,0,0,0,0,0,0,0,0,0,0,0,0,0,0,0,0,0,0,0,0,0,0,0,0,0,0,0,0,0,0,0,14,0,8,255,255,255,247,0,0,42,168,255,255,255,247,0,1,245,225,255,255,255,189,255,255,255,212,255,255,255,246,0,0,0,0,0,0,0,0,0,0,0,0,0,0,0,0,0,0,0,0,0,0,0,0,0,0,0,0,0,0,0,0,0,14,0,8,255,255,255,247,0,0,42,168,255,255,255,247,0,1,245,225,255,255,255,189,255,255,255,214,255,255,255,246,0,0,0,0,0,0,0,0,0,0,0,0,0,0,0,0,0,0,0,0,0,0,0,0,0,0,0,0,0,0,0,0,0,14,0,1,0,0,0,0,0,0,1,244,0,0,0,0,0,1,245,225,255,255,255,189,255,255,255,217,255,255,255,250,0,0,0,0,0,0,0,0,0,0,0,0,0,0,0,0,0,0,0,0,0,0,0,0,0,0,0,0,0,0,0,0,0,14,0,1,0,0,0,0,0,0,1,244,0,0,0,0,0,1,245,225,255,255,255,189,255,255,255,217,255,255,255,250,0,0,0,0,0,0,0,0,0,0,0,0,0,0,0,0,0,0,0,0,0,0,0,0,0,0,0,0,0,0,0,0,0,14,0,1,0,0,0,0,0,0,1,244,0,0,0,0,0,1,245,224,255,255,255,190,255,255,255,220,255,255,255,253,0,0,0,0,0,0,0,0,0,0,0,0,0,0,0,0,0,0,0,0,0,0,0,0,0,0,0,0,0,0,0,0,0,14,0,1,0,0,0,0,0,0,1,244,0,0,0,0,0,1,245,224,255,255,255,190,255,255,255,225,255,255,255,253,0,0,0,0,0,0,0,0,0,0,0,0,0,0,0,0,0,0,0,0,0,0,0,0,0,0,0,0,0,0,0,0,0,14,0,1,0,0,0,0,0,0,1,244,0,0,0,0,0,1,245,224,255,255,255,190,255,255,255,236,255,255,255,246,0,0,0,0,0,0,0,0,0,0,0,0,0,0,0,0,0,0,0,0,0,0,0,0,0,0,0,0,0,0,0,0,0,14,0,1,0,0,0,0,0,0,1,244,0,0,0,0,0,1,245,224,255,255,255,190,255,255,255,249,255,255,255,246,0,0,0,0,0,0,0,0,0,0,0,0,0,0,0,0,0,0,0,0,0,0,0,0,0,0,0,0,0,0,0,0,0,14,0,1,0,0,0,0,0,0,1,244,0,0,0,0,0,1,245,224,255,240,0,1,0,0,0,1,255,255,255,227,0,0,0,0,0,0,0,0,0,0,0,0,0,0,0,0,0,0,0,0,0,0,0,0,0,0,0,0,0,0,0,0,0,14,0,1,0,0,0,0,0,0,1,244,0,0,0,0,0,1,245,224,255,240,0,1,0,0,0,1,255,255,255,227,0,0,0,0,0,0,0,0,0,0,0,0,0,0,0,0,0,0,0,0,0,0,0,0,0,0,0,0,0,0,0,0,2,16,2,7,22,52,12,1,0,0,3,3,1,176,0,112,0,0,3,0,0,0,0,0,1,0,0,0,0,0,0,0,0,0,0,0,0,0,0,0,0,0,0,0,0,0,2,0,2,0,3,3,0,0,0,0,0,0,0,0,0,0,0,0,2,16,2,7,22,52,12,1,0,0,3,3,1,176,0,112,0,0,3,0,0,0,0,0,1,0,0,0,0,0,0,0,0,0,0,0,0,0,0,0,0,0,0,0,0,0,2,0,2,0,3,3,0,0,0,0,0,0,0,0,0,0,0,0,2,16,2,7,22,52,12,1,0,0,3,3,1,176,0,112,0,0,3,0,0,0,0,0,1,0,0,0,0,0,0,0,0,0,0,0,0,0,0,0,0,0,0,0,0,0,2,0,2,0,3,3,0,0,0,0,0,0,0,0,0,0,0,0"
2371788,53558,2025-12-08 10:58:17,"2,16,2,7,23,55,140,1,0,0,2,3,1,176,0,112,0,0,3,0,0,0,0,0,1,0,0,0,0,0,0,0,0,0,0,0,0,0,0,0,0,0,0,0,0,0,2,0,2,0,2,3,0,0,0,0,0,0,0,0,0,0,0,0,2,16,2,7,23,55,140,1,0,0,2,3,1,176,0,112,0,0,3,0,0,0,0,0,1,0,0,0,0,0,0,0,0,0,0,0,0,0,0,0,0,0,0,0,0,0,2,0,2,0,2,3,0,0,0,0,0,0,0,0,0,0,0,0,2,16,2,7,23,55,140,1,0,0,2,3,1,176,0,112,0,0,3,0,0,0,0,0,1,0,0,0,0,0,0,0,0,0,0,0,0,0,0,0,0,0,0,0,0,0,2,0,2,0,2,3,0,0,0,0,0,0,0,0,0,0,0,0,2,16,2,7,23,55,140,1,0,0,2,3,1,176,0,112,0,0,3,0,0,0,0,0,1,0,0,0,0,0,0,0,0,0,0,0,0,0,0,0,0,0,0,0,0,0,2,0,2,0,2,3,0,0,0,0,0,0,0,0,0,0,0,0,2,16,2,7,23,55,140,1,0,0,2,3,1,176,0,112,0,0,3,0,0,0,0,0,1,0,0,0,0,0,0,0,0,0,0,0,0,0,0,0,0,0,0,0,0,0,2,0,2,0,2,3,0,0,0,0,0,0,0,0,0,0,0,0,2,16,2,7,23,55,140,1,0,0,2,3,1,176,0,112,0,0,3,0,0,0,0,0,1,0,0,0,0,0,0,0,0,0,0,0,0,0,0,0,0,0,0,0,0,0,2,0,2,0,2,3,0,0,0,0,0,0,0,0,0,0,0,0,2,16,2,7,23,55,140,1,0,0,2,3,1,176,0,112,0,0,3,0,0,0,0,0,1,0,0,0,0,0,0,0,0,0,0,0,0,0,0,0,0,0,0,0,0,0,2,0,2,0,2,3,0,0,0,0,0,0,0,0,0,0,0,0,2,16,2,8,23,55,140,1,0,0,2,3,1,176,0,112,0,0,3,0,0,0,0,0,1,0,0,0,0,0,0,0,0,0,0,0,0,0,0,0,0,0,0,0,0,0,2,0,2,0,2,3,0,0,0,0,0,0,0,0,0,0,0,0,2,16,2,9,23,55,140,1,0,0,2,3,1,176,0,112,0,0,3,0,0,0,0,0,1,0,0,0,0,0,0,0,0,0,0,0,0,0,0,0,0,0,0,0,0,0,2,0,2,0,2,3,0,0,0,0,0,0,0,0,0,0,0,0,2,16,2,9,23,55,140,1,0,0,2,3,1,176,0,48,0,0,3,2,0,0,0,0,1,0,0,0,0,0,0,0,0,0,0,0,0,0,0,0,0,0,0,0,0,0,2,0,2,0,2,3,0,0,0,0,0,0,0,0,0,0,0,0,2,16,2,13,23,55,140,1,0,0,2,3,1,176,0,48,0,0,3,2,0,0,0,0,1,0,0,0,0,0,0,0,0,0,0,0,0,0,0,0,0,0,0,0,0,0,2,0,2,0,2,3,0,0,0,0,0,0,0,0,0,0,0,0,0,0,0,13,23,55,140,1,0,0,0,3,1,176,0,48,0,0,3,2,0,0,0,0,1,0,0,0,0,0,0,0,0,0,0,0,0,0,0,0,0,0,0,0,0,0,2,0,2,0,0,3,0,0,0,0,0,0,0,0,0,0,0,0,0,0,0,13,23,55,140,1,0,0,0,3,1,176,0,48,0,0,3,2,0,0,0,0,1,0,0,0,0,0,0,0,0,0,0,0,0,0,0,0,0,0,0,0,0,0,2,0,0,0,0,3,0,0,0,0,0,0,0,0,0,0,0,0"
2371788,53507,2025-12-08 20:03:02,"20,1,1,0,0,255,255,3,3,128,128,1,1,1,1,1,1,1,224,229,0,0,2,2,129,129,0,0,0,0,0,0,1,1,37,18,8,32,2,18,41,0,0,0,0,0,0,0,0,0,0,0,0,0,0,0,0,0,0,0,0,0,0,0,19,1,19,18,2,2,0,16,2,19,0,0,0,0,0,0,0,0,0,0,0,0,0,0,0,0,0,0,0,0,0,0,1,1,37,18,8,32,2,18,61,0,0,0,0,0,0,0,0,0,0,0,0,0,0,0,0,0,0,0,0,0,0,0,20,1,0,0,0,255,255,3,3,128,128,1,1,1,1,1,1,1,229,229,0,0,2,2,129,129,0,0,0,0,0,0,1,1,37,18,8,32,2,20,185,0,0,0,0,0,0,0,0,0,0,0,0,0,0,0,0,0,0,0,0,0,0,0,19,1,19,17,2,2,0,16,2,19,0,0,0,0,0,0,0,0,0,0,0,0,0,0,0,0,0,0,0,0,0,0,1,1,37,18,8,32,2,21,149,0,0,0,0,0,0,0,0,0,0,0,0,0,0,0,0,0,0,0,0,0,0,0,19,1,18,17,2,2,0,16,2,19,0,0,0,0,0,0,0,0,0,0,0,0,0,0,0,0,0,0,0,0,0,0,1,1,37,18,8,32,2,22,193,0,0,0,0,0,0,0,0,0,0,0,0,0,0,0,0,0,0,0,0,0,0,0,19,1,18,16,2,2,0,16,2,19,0,0,0,0,0,0,0,0,0,0,0,0,0,0,0,0,0,0,0,0,0,0,1,1,37,18,8,32,2,23,97,0,0,0,0,0,0,0,0,0,0,0,0,0,0,0,0,0,0,0,0,0,0,0,19,1,17,16,2,2,0,16,2,19,0,0,0,0,0,0,0,0,0,0,0,0,0,0,0,0,0,0,0,0,0,0,1,1,37,18,8,32,2,25,141,0,0,0,0,0,0,0,0,0,0,0,0,0,0,0,0,0,0,0,0,0,0,0,19,1,17,15,2,2,0,16,2,19,0,0,0,0,0,0,0,0,0,0,0,0,0,0,0,0,0,0,0,0,0,0,1,1,37,18,8,32,2,32,45,0,0,0,0,0,0,0,0,0,0,0,0,0,0,0,0,0,0,0,0,0,0,0,19,1,16,15,2,2,0,16,2,19,0,0,0,0,0,0,0,0,0,0,0,0,0,0,0,0,0,0,0,0,0,0,1,1,37,18,8,32,2,34,189,0,0,0,0,0,0,0,0,0,0,0,0,0,0,0,0,0,0,0,0,0,0,0,19,1,16,14,2,2,0,16,2,19,0,0,0,0,0,0,0,0,0,0,0,0,0,0,0,0,0,0,0,0,0,0,1,1,37,18,8,32,2,34,53,0,0,0,0,0,0,0,0,0,0,0,0,0,0,0,0,0,0,0,0,0,0,0,19,1,15,14,2,2,0,16,2,19,0,0,0,0,0,0,0,0,0,0,0,0,0,0,0,0,0,0,0,0,0,0,1,1,37,18,8,32,2,36,137,0,0,0,0,0,0,0,0,0,0,0,0,0,0,0,0,0,0,0,0,0,0,0,19,1,15,13,2,2,0,16,2,19,0,0,0,0,0,0,0,0,0,0,0,0,0,0,0,0,0,0,0,0,0,0,1,1,37,18,8,32,2,37,41,0,0,0,0,0,0,0,0,0,0,0,0,0,0,0,0,0,0,0,0,0,0,0,19,1,14,13,2,2,0,16,2,19,0,0,0,0,0,0,0,0,0,0,0,0,0,0,0,0,0,0,0,0,0,0,1,1,37,18,8,32,2,38,85,0,0,0,0,0,0,0,0,0,0,0,0,0,0,0,0,0,0,0,0,0,0,0,19,1,14,12,2,2,0,16,2,19,0,0,0,0,0,0,0,0,0,0,0,0,0,0,0,0,0,0,0,0,0,0,1,1,37,18,8,32,2,39,245,0,0,0,0,0,0,0,0,0,0,0,0,0,0,0,0,0,0,0,0,0,0,0,19,1,13,12,2,2,0,16,2,19,0,0,0,0,0,0,0,0,0,0,0,0,0,0,0,0,0,0,0,0,0,0,1,1,37,18,8,32,2,40,33,0,0,0,0,0,0,0,0,0,0,0,0,0,0,0,0,0,0,0,0,0,0,0,19,1,13,11,2,2,0,16,2,19,0,0,0,0,0,0,0,0,0,0,0,0,0,0,0,0,0,0,0,0,0,0,1,1,37,18,8,32,2,41,193,0,0,0,0,0,0,0,0,0,0,0,0,0,0,0,0,0,0,0,0,0,0,0"
2371788,53555,2025-12-08 10:58:17,"0,14,0,8,255,255,255,187,0,0,42,168,255,255,255,187,0,1,245,227,255,255,255,187,255,255,255,16,255,255,254,219,0,0,0,0,0,0,0,0,0,0,0,0,0,0,0,0,0,0,0,0,0,0,0,0,0,0,0,0,0,0,0,0,0,14,0,8,255,255,255,205,0,0,42,168,255,255,255,205,0,1,245,226,255,255,255,188,255,255,255,70,255,255,255,43,0,0,0,0,0,0,0,0,0,0,0,0,0,0,0,0,0,0,0,0,0,0,0,0,0,0,0,0,0,0,0,0,0,14,0,8,255,255,255,219,0,0,42,168,255,255,255,219,0,1,245,226,255,255,255,188,255,255,255,110,255,255,255,43,0,0,0,0,0,0,0,0,0,0,0,0,0,0,0,0,0,0,0,0,0,0,0,0,0,0,0,0,0,0,0,0,0,14,0,8,255,255,255,229,0,0,42,168,255,255,255,229,0,1,245,225,255,255,255,189,255,255,255,142,255,255,255,143,0,0,0,0,0,0,0,0,0,0,0,0,0,0,0,0,0,0,0,0,0,0,0,0,0,0,0,0,0,0,0,0,0,14,0,8,255,255,255,235,0,0,42,168,255,255,255,235,0,1,245,225,255,255,255,189,255,255,255,161,255,255,255,143,0,0,0,0,0,0,0,0,0,0,0,0,0,0,0,0,0,0,0,0,0,0,0,0,0,0,0,0,0,0,0,0,0,14,0,8,255,255,255,238,0,0,42,168,255,255,255,238,0,1,245,225,255,255,255,189,255,255,255,174,255,255,255,195,0,0,0,0,0,0,0,0,0,0,0,0,0,0,0,0,0,0,0,0,0,0,0,0,0,0,0,0,0,0,0,0,0,14,0,8,255,255,255,240,0,0,42,168,255,255,255,240,0,1,245,225,255,255,255,189,255,255,255,182,255,255,255,195,0,0,0,0,0,0,0,0,0,0,0,0,0,0,0,0,0,0,0,0,0,0,0,0,0,0,0,0,0,0,0,0,0,14,0,8,255,255,255,242,0,0,42,168,255,255,255,242,0,1,245,225,255,255,255,189,255,255,255,188,255,255,255,230,0,0,0,0,0,0,0,0,0,0,0,0,0,0,0,0,0,0,0,0,0,0,0,0,0,0,0,0,0,0,0,0,0,14,0,8,255,255,255,242,0,0,42,168,255,255,255,242,0,1,245,225,255,255,255,189,255,255,255,190,255,255,255,230,0,0,0,0,0,0,0,0,0,0,0,0,0,0,0,0,0,0,0,0,0,0,0,0,0,0,0,0,0,0,0,0,0,14,0,8,255,255,255,242,0,0,42,168,255,255,255,242,0,1,245,225,255,255,255,189,255,255,255,190,255,255,255,246,0,0,0,0,0,0,0,0,0,0,0,0,0,0,0,0,0,0,0,0,0,0,0,0,0,0,0,0,0,0,0,0,0,14,0,8,255,255,255,243,0,0,42,168,255,255,255,243,0,1,245,225,255,255,255,189,255,255,255,193,255,255,255,246,0,0,0,0,0,0,0,0,0,0,0,0,0,0,0,0,0,0,0,0,0,0,0,0,0,0,0,0,0,0,0,0,0,14,0,8,255,255,255,243,0,0,42,168,255,255,255,243,0,1,245,225,255,255,255,189,255,255,255,193,255,255,255,253,0,0,0,0,0,0,0,0,0,0,0,0,0,0,0,0,0,0,0,0,0,0,0,0,0,0,0,0,0,0,0,0,0,14,0,8,255,255,255,243,0,0,42,168,255,255,255,243,0,1,245,225,255,255,255,189,255,255,255,193,255,255,255,253,0,0,0,0,0,0,0,0,0,0,0,0,0,0,0,0,0,0,0,0,0,0,0,0,0,0,0,0,0,0,0,0,0,14,0,8,255,255,255,243,0,0,42,168,255,255,255,243,0,1,245,225,255,255,255,189,255,255,255,193,0,0,0,0,0,0,0,0,0,0,0,0,0,0,0,0,0,0,0,0,0,0,0,0,0,0,0,0,0,0,0,0,0,0,0,0,0,14,0,8,255,255,255,244,0,0,42,168,255,255,255,244,0,1,245,225,255,255,255,189,255,255,255,198,0,0,0,0,0,0,0,0,0,0,0,0,0,0,0,0,0,0,0,0,0,0,0,0,0,0,0,0,0,0,0,0,0,0,0,0,0,14,0,8,255,255,255,244,0,0,42,168,255,255,255,244,0,1,245,225,255,255,255,189,255,255,255,198,255,255,255,250,0,0,0,0,0,0,0,0,0,0,0,0,0,0,0,0,0,0,0,0,0,0,0,0,0,0,0,0,0,0,0,0"
2371788,53556,2025-12-08 11:00:43,"0,14,0,1,0,0,0,0,0,0,1,244,0,0,0,0,0,1,245,215,255,255,255,199,255,255,255,242,255,255,255,253,0,0,0,0,0,0,0,0,0,0,0,0,0,0,0,0,0,0,0,0,0,0,0,0,0,0,0,0,0,0,0,0,0,14,0,1,0,0,0,0,0,0,1,244,0,0,0,0,0,1,245,215,255,255,255,199,255,255,255,242,255,255,255,250,0,0,0,0,0,0,0,0,0,0,0,0,0,0,0,0,0,0,0,0,0,0,0,0,0,0,0,0,0,0,0,0,0,14,0,1,0,0,0,0,0,0,1,244,0,0,0,0,0,1,245,215,255,255,255,199,255,255,255,244,255,255,255,250,0,0,0,0,0,0,0,0,0,0,0,0,0,0,0,0,0,0,0,0,0,0,0,0,0,0,0,0,0,0,0,0,0,14,0,1,0,0,0,0,0,0,1,244,0,0,0,0,0,1,245,215,255,255,255,199,255,255,255,247,255,255,255,253,0,0,0,0,0,0,0,0,0,0,0,0,0,0,0,0,0,0,0,0,0,0,0,0,0,0,0,0,0,0,0,0,0,14,0,1,0,0,0,0,0,0,1,244,0,0,0,0,0,1,245,215,255,255,255,199,255,255,255,247,255,255,255,253,0,0,0,0,0,0,0,0,0,0,0,0,0,0,0,0,0,0,0,0,0,0,0,0,0,0,0,0,0,0,0,0,0,14,0,1,0,0,0,0,0,0,1,244,0,0,0,0,0,1,245,215,255,255,255,199,255,255,255,247,255,255,255,253,0,0,0,0,0,0,0,0,0,0,0,0,0,0,0,0,0,0,0,0,0,0,0,0,0,0,0,0,0,0,0,0,0,14,0,1,0,0,0,0,0,0,1,244,0,0,0,0,0,1,245,215,255,255,255,199,255,255,255,247,255,255,255,253,0,0,0,0,0,0,0,0,0,0,0,0,0,0,0,0,0,0,0,0,0,0,0,0,0,0,0,0,0,0,0,0,0,14,0,1,0,0,0,0,0,0,1,244,0,0,0,0,0,1,245,215,255,255,255,199,255,255,255,247,0,0,0,0,0,0,0,0,0,0,0,0,0,0,0,0,0,0,0,0,0,0,0,0,0,0,0,0,0,0,0,0,0,0,0,0,0,14,0,1,0,0,0,0,0,0,1,244,0,0,0,0,0,1,245,216,255,255,255,198,255,255,255,164,0,0,0,0,0,0,0,0,0,0,0,0,0,0,0,0,0,0,0,0,0,0,0,0,0,0,0,0,0,0,0,0,0,0,0,0,0,14,0,1,0,0,0,0,0,0,1,244,0,0,0,0,0,1,245,218,255,255,255,196,255,255,254,184,0,0,0,100,0,0,0,0,0,0,0,0,0,0,0,0,0,0,0,0,0,0,0,0,0,0,0,0,0,0,0,0,0,0,0,0,0,14,0,1,0,0,0,0,0,0,1,244,0,0,0,0,0,1,245,221,255,255,255,193,255,255,253,147,0,0,0,100,0,0,0,0,0,0,0,0,0,0,0,0,0,0,0,0,0,0,0,0,0,0,0,0,0,0,0,0,0,0,0,0,0,14,0,1,0,0,0,0,0,0,1,244,0,0,0,0,0,1,245,224,255,240,0,1,255,255,252,118,0,0,2,123,0,0,0,0,0,0,0,0,0,0,0,0,0,0,0,0,0,0,0,0,0,0,0,0,0,0,0,0,0,0,0,0,0,14,0,1,0,0,0,0,0,0,1,244,0,0,0,0,0,1,245,226,255,240,0,1,255,255,251,173,0,0,2,123,0,0,0,0,0,0,0,0,0,0,0,0,0,0,0,0,0,0,0,0,0,0,0,0,0,0,0,0,0,0,0,0,2,16,2,7,22,52,12,1,0,0,3,3,1,176,0,112,0,0,3,0,0,0,0,0,1,0,0,0,0,0,0,0,0,0,0,0,0,0,0,0,0,0,0,0,0,0,2,0,2,0,3,3,0,0,0,0,0,0,0,0,0,0,0,0,2,16,2,7,22,52,12,1,0,0,3,3,1,176,0,112,0,0,3,0,0,0,0,0,1,0,0,0,0,0,0,0,0,0,0,0,0,0,0,0,0,0,0,0,0,0,2,0,2,0,3,3,0,0,0,0,0,0,0,0,0,0,0,0,2,16,2,7,22,52,12,1,0,0,3,3,1,176,0,112,0,0,3,0,0,0,0,0,1,0,0,0,0,0,0,0,0,0,0,0,0,0,0,0,0,0,0,0,0,0,2,0,2,0,3,3,0,0,0,0,0,0,0,0,0,0,0,0"
2371788,53554,2025-12-08 10:58:17,"0,0,0,0,0,0,0,0,0,0,0,0,0,0,0,0,0,0,0,0,0,0,0,0,0,0,0,0,0,0,0,0,0,0,0,0,0,0,0,0,0,0,0,0,0,0,0,0,0,0,0,0,0,0,0,0,0,0,0,0,0,0,0,0,0,0,0,0,0,0,0,0,0,0,0,0,0,0,0,0,0,0,0,0,0,0,0,0,0,0,0,0,0,0,0,0,0,0,0,0,0,0,0,0,0,0,0,0,0,0,0,0,0,0,0,0,0,0,0,0,0,0,0,0,0,0,0,0,0,0,0,0,0,0,0,0,0,0,0,0,0,0,0,0,0,0,0,0,0,0,0,0,0,0,0,0,0,0,0,0,0,0,0,0,0,0,0,0,0,0,0,0,0,0,0,0,0,0,0,0,0,0,0,0,0,0,0,0,0,0,0,0,0,0,0,0,0,0,0,0,0,0,0,0,0,0,0,0,0,0,0,0,0,0,0,0,0,0,0,0,0,0,0,0,0,0,0,0,0,0,0,0,0,0,0,0,0,0,0,0,0,0,0,0,0,0,0,0,0,0,0,0,0,0,0,0,0,0,0,0,0,0,0,0,0,0,0,0,0,0,0,0,0,0,0,0,0,0,0,0,0,0,0,0,0,0,0,0,0,0,0,0,0,0,0,0,0,0,0,0,0,0,0,0,0,0,0,0,0,0,0,0,0,0,0,0,0,0,0,0,0,0,0,0,0,0,0,0,0,0,0,0,0,0,0,0,0,0,0,0,0,0,0,0,0,0,0,0,0,0,0,0,0,0,0,0,0,0,0,0,0,0,0,0,0,0,0,0,0,0,0,0,0,0,0,0,0,0,0,0,0,0,0,0,0,0,0,0,0,0,0,0,0,0,0,0,0,0,0,0,0,0,0,0,0,0,0,0,0,0,0,0,0,0,0,0,0,0,0,0,0,0,0,0,0,0,0,0,0,0,0,0,0,0,0,0,0,0,0,0,0,0,0,0,0,0,0,0,0,0,0,0,0,0,0,0,0,0,0,0,0,0,0,0,0,0,0,0,0,0,0,0,0,0,0,0,0,0,0,0,0,0,0,0,0,0,0,0,0,0,0,0,0,0,0,0,0,0,0,0,0,0,0,0,0,0,0,0,0,0,0,0,2,2,2,3,0,14,0,14,0,16,14,0,0,1,1,0,4,46,3,32,0,50,0,193,0,0,64,0,0,1,118,98,0,0,245,224,0,0,0,66,0,0,0,15,0,90,0,179,1,244,25,0,0,227,3,231,5,128,0,0,0,31,4,52,0,0,0,0,0,0,0,0,0,0,0,0,0,0,0,0,0,0,0,1,0,0,0,0,0,0,0,0,0,0,0,0,0,0,0,0,0,0,0,0,0,0,0,0,0,0,0,0,0,0,0,0,0,0,0,0,0,0,0,0,0,0,0,0,0,0,0,0,0,0,0,0,0,0,0,0,0,0,0,0,0,0,0,0,0,0,0,0,0,0,0,0,0,0,0,0,0,0,0,0,0,0,0,0,0,0,0,0,0,0,0,0,0,0,0,0,0,0,0,0,0,0,0,0,0,0,0,0,0,0,0,0,0,0,0,0,0,0,0,0,0,0,0,0,0,0,0,0,0,0,0,0,0,0,0,0,0,0,0,0,0,0,0,0,0,0,0,0,0,0,0,0,0,0,0,0,0,0,0,0,0,0,0,0,0,0,0,0,0,0,0,0,0,0,0,0,0,0,0,0,0,0,0,0,0,0,0,0,0,0,0,0,0,0,0,0,37,18,6,23,34,18,6,10,0,0,0,0,0,0,0,0,0,0,0,0,0,0,0,0,0,0,0,0,0,0,0,0,0,0,0,0,0,0,0,0,0,14,0,8,255,255,255,96,0,0,42,168,255,255,255,96,0,1,245,229,255,255,255,185,255,255,253,238,255,255,254,106,0,0,0,0,0,0,0,0,0,0,0,0,0,0,0,0,0,0,0,0,0,0,0,0,0,0,0,0,0,0,0,0,0,14,0,8,255,255,255,129,0,0,42,168,255,255,255,129,0,1,245,228,255,255,255,186,255,255,254,95,255,255,254,106,0,0,0,0,0,0,0,0,0,0,0,0,0,0,0,0,0,0,0,0,0,0,0,0,0,0,0,0,0,0,0,0,0,14,0,8,255,255,255,160,0,0,42,168,255,255,255,160,0,1,245,227,255,255,255,187,255,255,254,194,255,255,254,219,0,0,0,0,0,0,0,0,0,0,0,0,0,0,0,0,0,0,0,0,0,0,0,0,0,0,0,0,0,0,0,0"
2371788,53552,2025-12-08 11:00:43,"2,32,37,18,8,17,0,39,66,23,64,0,120,83,3,0"
2371788,53508,2025-12-08 11:18:58,"1,1,37,18,8,17,24,8,145,0,0,0,0,0,0,0,0,0,0,0,0,0,0,0,0,0,0,0,0,0,0,0,19,1,2,2,0,0,1,0,255,19,0,0,0,0,0,0,0,0,0,0,0,0,0,0,0,0,0,0,0,0,0,0,20,1,1,0,0,255,255,3,3,128,128,0,0,1,0,1,0,1,224,229,0,0,0,0,131,129,0,0,0,0,0,0,1,1,37,18,8,17,24,9,49,0,0,0,0,0,0,0,0,0,0,0,0,0,0,0,0,0,0,0,0,0,0,0,20,1,1,0,0,255,255,3,3,128,128,0,0,1,0,1,1,1,224,229,0,0,0,0,130,129,0,0,0,0,0,0,1,1,37,18,8,17,24,17,17,0,0,0,0,0,0,0,0,0,0,0,0,0,0,0,0,0,0,0,0,0,0,0,20,1,1,0,0,255,255,3,3,128,128,0,0,1,1,1,1,1,224,229,0,0,0,0,130,129,0,0,0,0,0,0,1,1,37,18,8,17,24,20,5,0,0,0,0,0,0,0,0,0,0,0,0,0,0,0,0,0,0,0,0,0,0,0,20,1,1,0,0,255,255,3,3,128,128,0,1,1,1,1,1,1,224,229,0,0,0,0,130,129,0,0,0,0,0,0,1,1,37,18,8,17,24,40,69,0,0,0,0,0,0,0,0,0,0,0,0,0,0,0,0,0,0,0,0,0,0,0,20,1,1,0,0,2,255,3,3,165,128,0,1,1,1,1,1,1,128,229,0,0,0,0,130,129,0,0,0,0,0,0,1,1,37,18,8,17,24,40,89,0,0,0,0,0,0,0,0,0,0,0,0,0,0,0,0,0,0,0,0,0,0,0,19,1,2,2,5,0,1,0,255,19,0,0,0,0,0,0,0,0,0,0,0,0,0,0,0,0,0,0,0,0,0,0,20,1,1,0,0,2,255,2,3,181,128,0,1,1,1,1,1,1,128,229,0,0,0,0,130,129,0,0,0,0,0,0,1,1,37,18,8,17,24,41,13,0,0,0,0,0,0,0,0,0,0,0,0,0,0,0,0,0,0,0,0,0,0,0,20,1,1,0,0,2,255,2,3,181,128,0,0,1,1,1,1,1,128,229,0,0,0,0,130,129,0,0,0,0,0,0,1,1,37,18,8,17,24,49,157,0,0,0,0,0,0,0,0,0,0,0,0,0,0,0,0,0,0,0,0,0,0,0,20,1,1,0,0,2,255,2,3,181,128,0,0,1,0,1,1,1,128,229,0,0,0,0,130,129,0,0,0,0,0,0,1,1,37,18,8,17,24,52,185,0,0,0,0,0,0,0,0,0,0,0,0,0,0,0,0,0,0,0,0,0,0,0,20,1,1,0,0,255,255,2,3,128,128,0,0,1,0,1,0,1,224,229,0,0,0,0,131,129,0,0,0,0,0,0,1,1,37,18,8,17,24,52,205,0,0,0,0,0,0,0,0,0,0,0,0,0,0,0,0,0,0,0,0,0,0,0,19,1,2,2,0,0,1,0,255,19,0,0,0,0,0,0,0,0,0,0,0,0,0,0,0,0,0,0,0,0,0,0,20,1,1,0,0,255,255,3,3,128,128,0,0,1,0,1,0,1,224,229,0,0,0,0,131,129,0,0,0,0,0,0,1,1,37,18,8,17,24,53,109,0,0,0,0,0,0,0,0,0,0,0,0,0,0,0,0,0,0,0,0,0,0,0,20,1,1,0,0,255,255,3,3,128,128,0,0,1,0,1,1,1,224,229,0,0,0,0,130,129,0,0,0,0,0,0,1,1,37,18,8,17,24,55,77,0,0,0,0,0,0,0,0,0,0,0,0,0,0,0,0,0,0,0,0,0,0,0,20,1,1,0,0,255,255,3,3,128,128,0,0,1,1,1,1,1,224,229,0,0,0,0,130,129,0,0,0,0,0,0,1,1,37,18,8,17,24,57,65,0,0,0,0,0,0,0,0,0,0,0,0,0,0,0,0,0,0,0,0,0,0,0,20,1,1,0,0,255,255,3,3,128,128,0,1,1,1,1,1,1,224,229,0,0,0,0,130,129,0,0,0,0,0,0,1,1,37,18,8,17,24,72,189,0,0,0,0,0,0,0,0,0,0,0,0,0,0,0,0,0,0,0,0,0,0,0,20,1,1,0,0,255,255,3,3,128,128,1,1,1,1,1,1,1,224,229,0,0,0,0,129,129,0,0,0,0,0,0,3,1,37,18,8,17,24,72,229,0,0,0,0,0,0,0,0,0,0,0,0,0,0,0,0,0,0,0,0,0,0,0"
2371788,53552,2025-12-08 10:58:17,"2,32,37,18,8,16,24,5,173,23,64,0,42,51,5,0"
2371788,53505,2025-12-08 20:03:02,"1,1,37,18,8,32,1,73,149,0,0,0,0,0,0,0,0,0,0,0,0,0,0,0,0,0,0,0,0,0,0,0,17,1,42,0,0,0,0,0,0,0,0,0,0,0,0,0,0,0,0,0,0,0,0,0,0,0,0,0,0,0,0,0,18,1,0,0,0,0,0,0,0,0,0,0,0,0,0,0,0,0,0,0,0,0,0,0,0,0,0,0,0,0,0,0,19,1,22,22,0,0,1,0,19,2,0,0,0,0,0,0,0,0,0,0,0,0,0,0,0,0,0,0,0,0,0,0,20,1,1,0,0,255,255,3,3,128,128,1,1,1,1,1,1,1,224,229,0,0,2,2,129,129,0,0,0,0,0,0,2,1,37,18,8,32,1,73,149,0,0,48,80,3,0,0,0,0,0,0,0,0,0,0,0,0,0,0,0,0,0,0,1,1,37,18,8,32,1,73,169,0,0,0,0,0,0,0,0,0,0,0,0,0,0,0,0,0,0,0,0,0,0,0,19,1,22,22,1,2,1,16,19,22,0,0,0,0,0,0,0,0,0,0,0,0,0,0,0,0,0,0,0,0,0,0,1,1,37,18,8,32,1,81,153,0,0,0,0,0,0,0,0,0,0,0,0,0,0,0,0,0,0,0,0,0,0,0,19,1,22,22,2,2,0,16,19,22,0,0,0,0,0,0,0,0,0,0,0,0,0,0,0,0,0,0,0,0,0,0,1,1,37,18,8,32,1,81,173,0,0,0,0,0,0,0,0,0,0,0,0,0,0,0,0,0,0,0,0,0,0,0,19,1,22,21,2,2,0,16,19,22,0,0,0,0,0,0,0,0,0,0,0,0,0,0,0,0,0,0,0,0,0,0,20,1,0,0,0,255,255,3,3,128,128,1,1,1,1,1,1,1,229,229,0,0,2,2,129,129,0,0,0,0,0,0,1,1,37,18,8,32,1,83,41,0,0,0,0,0,0,0,0,0,0,0,0,0,0,0,0,0,0,0,0,0,0,0,19,1,22,20,2,2,0,16,19,22,0,0,0,0,0,0,0,0,0,0,0,0,0,0,0,0,0,0,0,0,0,0,1,1,37,18,8,32,1,84,5,0,0,0,0,0,0,0,0,0,0,0,0,0,0,0,0,0,0,0,0,0,0,0,19,1,21,20,2,2,0,16,19,22,0,0,0,0,0,0,0,0,0,0,0,0,0,0,0,0,0,0,0,0,0,0,1,1,37,18,8,32,1,85,49,0,0,0,0,0,0,0,0,0,0,0,0,0,0,0,0,0,0,0,0,0,0,0,19,1,21,19,3,0,0,2,19,22,0,0,0,0,0,0,0,0,0,0,0,0,0,0,0,0,0,0,0,0,0,0,1,1,37,18,8,32,1,86,229,0,0,0,0,0,0,0,0,0,0,0,0,0,0,0,0,0,0,0,0,0,0,0,19,1,20,19,3,0,0,2,19,22,0,0,0,0,0,0,0,0,0,0,0,0,0,0,0,0,0,0,0,0,0,0,1,1,37,18,8,32,1,88,177,0,0,0,0,0,0,0,0,0,0,0,0,0,0,0,0,0,0,0,0,0,0,0,19,1,19,19,3,0,0,2,19,22,0,0,0,0,0,0,0,0,0,0,0,0,0,0,0,0,0,0,0,0,0,0,1,1,37,18,8,32,2,0,45,0,0,0,0,0,0,0,0,0,0,0,0,0,0,0,0,0,0,0,0,0,0,0,18,1,0,0,0,0,1,0,0,0,0,0,0,0,0,0,0,0,0,0,0,0,0,0,0,0,0,0,0,0,0,0,19,1,19,19,4,0,0,2,19,22,0,0,0,0,0,0,0,0,0,0,0,0,0,0,0,0,0,0,0,0,0,0,1,1,37,18,8,32,2,0,65,0,0,0,0,0,0,0,0,0,0,0,0,0,0,0,0,0,0,0,0,0,0,0,20,1,1,0,0,2,255,3,3,195,128,1,1,1,1,1,1,1,128,229,0,0,2,2,129,129,0,0,0,0,0,0,1,1,37,18,8,32,2,1,145,0,0,0,0,0,0,0,0,0,0,0,0,0,0,0,0,0,0,0,0,0,0,0,20,1,1,0,0,2,255,2,3,195,128,1,1,1,1,1,1,1,128,229,0,0,2,2,129,129,0,0,0,0,0,0,1,1,37,18,8,32,2,2,49,0,0,0,0,0,0,0,0,0,0,0,0,0,0,0,0,0,0,0,0,0,0,0,20,1,1,0,0,2,255,2,3,195,128,0,1,1,1,1,1,1,128,229,0,0,2,2,130,129,0,0,0,0,0,0"
2371788,53504,2025-12-08 10:58:28,"2,32,37,18,8,8,83,70,121,16,0,0,31,223,4,0"
2371788,53557,2025-12-08 11:00:43,"2,16,2,7,22,52,12,1,0,0,3,3,1,176,0,112,0,0,3,0,0,0,0,0,1,0,0,0,0,0,0,0,0,0,0,0,0,0,0,0,0,0,0,0,0,0,2,0,2,0,3,3,0,0,0,0,0,0,0,0,0,0,0,0,2,16,2,7,22,54,12,1,0,0,3,3,1,176,0,112,0,0,3,0,0,0,0,0,1,0,0,0,0,0,0,0,0,0,0,0,0,0,0,0,0,0,0,0,0,0,2,0,2,0,3,3,0,0,0,0,0,0,0,0,0,0,0,0,2,16,2,7,22,54,12,1,0,0,3,3,1,176,0,112,0,0,3,0,0,0,0,0,1,0,0,0,0,0,0,0,0,0,0,0,0,0,0,0,0,0,0,0,0,0,2,0,2,0,2,3,0,0,0,0,0,0,0,0,0,0,0,0,2,16,2,7,22,54,12,1,0,0,3,3,1,176,0,112,0,0,3,0,0,0,0,0,1,0,0,0,0,0,0,0,0,0,0,0,0,0,0,0,0,0,0,0,0,0,2,0,2,0,2,3,0,0,0,0,0,0,0,0,0,0,0,0,2,16,2,7,22,54,12,1,0,0,3,3,1,176,0,112,0,0,3,0,0,0,0,0,1,0,0,0,0,0,0,0,0,0,0,0,0,0,0,0,0,0,0,0,0,0,2,0,2,0,2,3,0,0,0,0,0,0,0,0,0,0,0,0,2,16,2,7,22,54,140,1,0,0,3,3,1,176,0,112,0,0,3,0,0,0,0,0,1,0,0,0,0,0,0,0,0,0,0,0,0,0,0,0,0,0,0,0,0,0,2,0,2,0,2,3,0,0,0,0,0,0,0,0,0,0,0,0,2,16,2,7,22,54,140,1,0,0,3,3,1,176,0,112,0,0,3,0,0,0,0,0,1,0,0,0,0,0,0,0,0,0,0,0,0,0,0,0,0,0,0,0,0,0,2,0,2,0,2,3,0,0,0,0,0,0,0,0,0,0,0,0,2,16,2,7,22,54,140,1,0,0,3,3,1,176,0,112,0,0,3,0,0,0,0,0,1,0,0,0,0,0,0,0,0,0,0,0,0,0,0,0,0,0,0,0,0,0,2,0,2,0,2,3,0,0,0,0,0,0,0,0,0,0,0,0,2,16,2,7,22,54,140,1,0,0,3,3,1,176,0,112,0,0,3,0,0,0,0,0,1,0,0,0,0,0,0,0,0,0,0,0,0,0,0,0,0,0,0,0,0,0,2,0,2,0,2,3,0,0,0,0,0,0,0,0,0,0,0,0,2,16,2,7,23,55,140,1,0,0,2,3,1,176,0,112,0,0,3,0,0,0,0,0,1,0,0,0,0,0,0,0,0,0,0,0,0,0,0,0,0,0,0,0,0,0,2,0,2,0,2,3,0,0,0,0,0,0,0,0,0,0,0,0,2,16,2,7,23,55,140,1,0,0,2,3,1,176,0,112,0,0,3,0,0,0,0,0,1,0,0,0,0,0,0,0,0,0,0,0,0,0,0,0,0,0,0,0,0,0,2,0,2,0,2,3,0,0,0,0,0,0,0,0,0,0,0,0,2,16,2,7,23,55,140,1,0,0,2,3,1,176,0,112,0,0,3,0,0,0,0,0,1,0,0,0,0,0,0,0,0,0,0,0,0,0,0,0,0,0,0,0,0,0,2,0,2,0,2,3,0,0,0,0,0,0,0,0,0,0,0,0,2,16,2,7,23,55,140,1,0,0,2,3,1,176,0,112,0,0,3,0,0,0,0,0,1,0,0,0,0,0,0,0,0,0,0,0,0,0,0,0,0,0,0,0,0,0,2,0,2,0,2,3,0,0,0,0,0,0,0,0,0,0,0,0,2,16,2,7,23,55,140,1,0,0,2,3,1,176,0,112,0,0,3,0,0,0,0,0,1,0,0,0,0,0,0,0,0,0,0,0,0,0,0,0,0,0,0,0,0,0,2,0,2,0,2,3,0,0,0,0,0,0,0,0,0,0,0,0,2,16,2,7,23,55,140,1,0,0,2,3,1,176,0,112,0,0,3,0,0,0,0,0,1,0,0,0,0,0,0,0,0,0,0,0,0,0,0,0,0,0,0,0,0,0,2,0,2,0,2,3,0,0,0,0,0,0,0,0,0,0,0,0,2,16,2,7,23,55,140,1,0,0,2,3,1,176,0,112,0,0,3,0,0,0,0,0,1,0,0,0,0,0,0,0,0,0,0,0,0,0,0,0,0,0,0,0,0,0,2,0,2,0,2,3,0,0,0,0,0,0,0,0,0,0,0,0"
2371788,53506,2025-12-08 10:58:28,"19,1,12,10,2,2,0,16,3,12,0,0,0,0,0,0,0,0,0,0,0,0,0,0,0,0,0,0,0,0,0,0,1,1,37,18,6,32,69,49,13,0,0,0,0,0,0,0,0,0,0,0,0,0,0,0,0,0,0,0,0,0,0,0,19,1,11,10,2,2,0,16,3,12,0,0,0,0,0,0,0,0,0,0,0,0,0,0,0,0,0,0,0,0,0,0,1,1,37,18,6,32,69,50,57,0,0,0,0,0,0,0,0,0,0,0,0,0,0,0,0,0,0,0,0,0,0,0,19,1,11,9,2,2,0,16,3,12,0,0,0,0,0,0,0,0,0,0,0,0,0,0,0,0,0,0,0,0,0,0,1,1,37,18,6,32,69,51,217,0,0,0,0,0,0,0,0,0,0,0,0,0,0,0,0,0,0,0,0,0,0,0,19,1,10,9,2,2,0,16,3,12,0,0,0,0,0,0,0,0,0,0,0,0,0,0,0,0,0,0,0,0,0,0,1,1,37,18,6,32,69,52,5,0,0,0,0,0,0,0,0,0,0,0,0,0,0,0,0,0,0,0,0,0,0,0,19,1,10,8,2,2,0,16,3,12,0,0,0,0,0,0,0,0,0,0,0,0,0,0,0,0,0,0,0,0,0,0,1,1,37,18,6,32,69,53,165,0,0,0,0,0,0,0,0,0,0,0,0,0,0,0,0,0,0,0,0,0,0,0,19,1,9,8,2,2,0,16,3,12,0,0,0,0,0,0,0,0,0,0,0,0,0,0,0,0,0,0,0,0,0,0,1,1,37,18,6,32,69,55,209,0,0,0,0,0,0,0,0,0,0,0,0,0,0,0,0,0,0,0,0,0,0,0,19,1,9,7,2,2,0,16,3,12,0,0,0,0,0,0,0,0,0,0,0,0,0,0,0,0,0,0,0,0,0,0,1,1,37,18,6,32,69,56,113,0,0,0,0,0,0,0,0,0,0,0,0,0,0,0,0,0,0,0,0,0,0,0,19,1,8,7,2,2,0,16,3,12,0,0,0,0,0,0,0,0,0,0,0,0,0,0,0,0,0,0,0,0,0,0,1,1,37,18,6,32,69,57,157,0,0,0,0,0,0,0,0,0,0,0,0,0,0,0,0,0,0,0,0,0,0,0,19,1,8,6,2,2,0,16,3,12,0,0,0,0,0,0,0,0,0,0,0,0,0,0,0,0,0,0,0,0,0,0,1,1,37,18,6,32,69,64,61,0,0,0,0,0,0,0,0,0,0,0,0,0,0,0,0,0,0,0,0,0,0,0,19,1,7,6,2,2,0,16,3,12,0,0,0,0,0,0,0,0,0,0,0,0,0,0,0,0,0,0,0,0,0,0,1,1,37,18,6,32,69,65,105,0,0,0,0,0,0,0,0,0,0,0,0,0,0,0,0,0,0,0,0,0,0,0,19,1,7,5,2,2,0,16,3,12,0,0,0,0,0,0,0,0,0,0,0,0,0,0,0,0,0,0,0,0,0,0,1,1,37,18,6,32,69,66,9,0,0,0,0,0,0,0,0,0,0,0,0,0,0,0,0,0,0,0,0,0,0,0,19,1,6,5,2,2,0,16,3,12,0,0,0,0,0,0,0,0,0,0,0,0,0,0,0,0,0,0,0,0,0,0,1,1,37,18,6,32,69,68,153,0,0,0,0,0,0,0,0,0,0,0,0,0,0,0,0,0,0,0,0,0,0,0,19,1,6,4,2,2,0,16,3,12,0,0,0,0,0,0,0,0,0,0,0,0,0,0,0,0,0,0,0,0,0,0,1,1,37,18,6,32,69,69,253,0,0,0,0,0,0,0,0,0,0,0,0,0,0,0,0,0,0,0,0,0,0,0,19,1,5,4,2,2,0,16,3,12,0,0,0,0,0,0,0,0,0,0,0,0,0,0,0,0,0,0,0,0,0,0,1,1,37,18,6,32,69,71,221,0,0,0,0,0,0,0,0,0,0,0,0,0,0,0,0,0,0,0,0,0,0,0,19,1,5,3,3,0,0,2,3,12,0,0,0,0,0,0,0,0,0,0,0,0,0,0,0,0,0,0,0,0,0,0,1,1,37,18,6,32,69,72,65,0,0,0,0,0,0,0,0,0,0,0,0,0,0,0,0,0,0,0,0,0,0,0,19,1,4,3,3,0,0,2,3,12,0,0,0,0,0,0,0,0,0,0,0,0,0,0,0,0,0,0,0,0,0,0,1,1,37,18,6,32,69,80,133,0,0,0,0,0,0,0,0,0,0,0,0,0,0,0,0,0,0,0,0,0,0,0"
2371788,53507,2025-12-08 11:18:58,"20,1,1,0,0,255,255,3,3,128,128,0,1,1,1,1,1,1,224,229,0,0,0,0,130,129,0,0,0,0,0,0,1,1,37,18,8,17,23,54,205,0,0,0,0,0,0,0,0,0,0,0,0,0,0,0,0,0,0,0,0,0,0,0,20,1,1,0,0,2,255,3,3,165,128,0,1,1,1,1,1,1,128,229,0,0,0,0,130,129,0,0,0,0,0,0,1,1,37,18,8,17,23,54,225,0,0,0,0,0,0,0,0,0,0,0,0,0,0,0,0,0,0,0,0,0,0,0,19,1,2,2,5,0,1,0,255,19,0,0,0,0,0,0,0,0,0,0,0,0,0,0,0,0,0,0,0,0,0,0,20,1,1,0,0,2,255,2,3,181,128,0,1,1,1,1,1,1,128,229,0,0,0,0,130,129,0,0,0,0,0,0,1,1,37,18,8,17,23,55,149,0,0,0,0,0,0,0,0,0,0,0,0,0,0,0,0,0,0,0,0,0,0,0,20,1,1,0,0,2,255,2,3,181,128,0,0,1,1,1,1,1,128,229,0,0,0,0,130,129,0,0,0,0,0,0,1,1,37,18,8,17,23,57,37,0,0,0,0,0,0,0,0,0,0,0,0,0,0,0,0,0,0,0,0,0,0,0,20,1,1,0,0,2,255,2,3,181,128,0,0,1,0,1,1,1,128,229,0,0,0,0,130,129,0,0,0,0,0,0,1,1,37,18,8,17,23,66,65,0,0,0,0,0,0,0,0,0,0,0,0,0,0,0,0,0,0,0,0,0,0,0,20,1,1,0,0,255,255,2,3,128,128,0,0,1,0,1,0,1,224,229,0,0,0,0,131,129,0,0,0,0,0,0,1,1,37,18,8,17,23,66,85,0,0,0,0,0,0,0,0,0,0,0,0,0,0,0,0,0,0,0,0,0,0,0,19,1,2,2,0,0,1,0,255,19,0,0,0,0,0,0,0,0,0,0,0,0,0,0,0,0,0,0,0,0,0,0,20,1,1,0,0,255,255,3,3,128,128,0,0,1,0,1,0,1,224,229,0,0,0,0,131,129,0,0,0,0,0,0,1,1,37,18,8,17,23,67,245,0,0,0,0,0,0,0,0,0,0,0,0,0,0,0,0,0,0,0,0,0,0,0,20,1,1,0,0,255,255,3,3,128,128,0,0,1,0,1,1,1,224,229,0,0,0,0,130,129,0,0,0,0,0,0,1,1,37,18,8,17,23,69,213,0,0,0,0,0,0,0,0,0,0,0,0,0,0,0,0,0,0,0,0,0,0,0,20,1,1,0,0,255,255,3,3,128,128,0,0,1,1,1,1,1,224,229,0,0,0,0,130,129,0,0,0,0,0,0,1,1,37,18,8,17,23,72,201,0,0,0,0,0,0,0,0,0,0,0,0,0,0,0,0,0,0,0,0,0,0,0,20,1,1,0,0,255,255,3,3,128,128,0,1,1,1,1,1,1,224,229,0,0,0,0,130,129,0,0,0,0,0,0,1,1,37,18,8,17,24,2,9,0,0,0,0,0,0,0,0,0,0,0,0,0,0,0,0,0,0,0,0,0,0,0,20,1,1,0,0,2,255,3,3,165,128,0,1,1,1,1,1,1,128,229,0,0,0,0,130,129,0,0,0,0,0,0,1,1,37,18,8,17,24,2,29,0,0,0,0,0,0,0,0,0,0,0,0,0,0,0,0,0,0,0,0,0,0,0,19,1,2,2,5,0,1,0,255,19,0,0,0,0,0,0,0,0,0,0,0,0,0,0,0,0,0,0,0,0,0,0,20,1,1,0,0,2,255,2,3,181,128,0,1,1,1,1,1,1,128,229,0,0,0,0,130,129,0,0,0,0,0,0,1,1,37,18,8,17,24,3,209,0,0,0,0,0,0,0,0,0,0,0,0,0,0,0,0,0,0,0,0,0,0,0,20,1,1,0,0,2,255,2,3,181,128,0,0,1,1,1,1,1,128,229,0,0,0,0,130,129,0,0,0,0,0,0,1,1,37,18,8,17,24,5,97,0,0,0,0,0,0,0,0,0,0,0,0,0,0,0,0,0,0,0,0,0,0,0,20,1,1,0,0,2,255,2,3,181,128,0,0,1,0,1,1,1,128,229,0,0,0,0,130,129,0,0,0,0,0,0,1,1,37,18,8,17,24,8,125,0,0,0,0,0,0,0,0,0,0,0,0,0,0,0,0,0,0,0,0,0,0,0,20,1,1,0,0,255,255,2,3,128,128,0,0,1,0,1,0,1,224,229,0,0,0,0,131,129,0,0,0,0,0,0"
2371788,53504,2025-12-08 20:03:02,"2,32,37,18,8,32,2,72,219,16,0,0,153,172,0,0"
2371788,53508,2025-12-08 20:03:02,"19,1,12,11,2,2,0,16,2,19,0,0,0,0,0,0,0,0,0,0,0,0,0,0,0,0,0,0,0,0,0,0,1,1,37,18,8,32,2,49,237,0,0,0,0,0,0,0,0,0,0,0,0,0,0,0,0,0,0,0,0,0,0,0,19,1,12,10,2,2,0,16,2,19,0,0,0,0,0,0,0,0,0,0,0,0,0,0,0,0,0,0,0,0,0,0,1,1,37,18,8,32,2,50,141,0,0,0,0,0,0,0,0,0,0,0,0,0,0,0,0,0,0,0,0,0,0,0,19,1,11,10,2,2,0,16,2,19,0,0,0,0,0,0,0,0,0,0,0,0,0,0,0,0,0,0,0,0,0,0,1,1,37,18,8,32,2,51,185,0,0,0,0,0,0,0,0,0,0,0,0,0,0,0,0,0,0,0,0,0,0,0,19,1,11,9,2,2,0,16,2,19,0,0,0,0,0,0,0,0,0,0,0,0,0,0,0,0,0,0,0,0,0,0,1,1,37,18,8,32,2,52,89,0,0,0,0,0,0,0,0,0,0,0,0,0,0,0,0,0,0,0,0,0,0,0,19,1,10,9,2,2,0,16,2,19,0,0,0,0,0,0,0,0,0,0,0,0,0,0,0,0,0,0,0,0,0,0,1,1,37,18,8,32,2,53,133,0,0,0,0,0,0,0,0,0,0,0,0,0,0,0,0,0,0,0,0,0,0,0,19,1,10,8,2,2,0,16,2,19,0,0,0,0,0,0,0,0,0,0,0,0,0,0,0,0,0,0,0,0,0,0,1,1,37,18,8,32,2,54,37,0,0,0,0,0,0,0,0,0,0,0,0,0,0,0,0,0,0,0,0,0,0,0,19,1,9,8,2,2,0,16,2,19,0,0,0,0,0,0,0,0,0,0,0,0,0,0,0,0,0,0,0,0,0,0,1,1,37,18,8,32,2,56,81,0,0,0,0,0,0,0,0,0,0,0,0,0,0,0,0,0,0,0,0,0,0,0,19,1,9,7,2,2,0,16,2,19,0,0,0,0,0,0,0,0,0,0,0,0,0,0,0,0,0,0,0,0,0,0,1,1,37,18,8,32,2,56,241,0,0,0,0,0,0,0,0,0,0,0,0,0,0,0,0,0,0,0,0,0,0,0,19,1,8,7,2,2,0,16,2,19,0,0,0,0,0,0,0,0,0,0,0,0,0,0,0,0,0,0,0,0,0,0,1,1,37,18,8,32,2,64,29,0,0,0,0,0,0,0,0,0,0,0,0,0,0,0,0,0,0,0,0,0,0,0,19,1,8,6,2,2,0,16,2,19,0,0,0,0,0,0,0,0,0,0,0,0,0,0,0,0,0,0,0,0,0,0,1,1,37,18,8,32,2,65,189,0,0,0,0,0,0,0,0,0,0,0,0,0,0,0,0,0,0,0,0,0,0,0,19,1,7,6,2,2,0,16,2,19,0,0,0,0,0,0,0,0,0,0,0,0,0,0,0,0,0,0,0,0,0,0,1,1,37,18,8,32,2,66,233,0,0,0,0,0,0,0,0,0,0,0,0,0,0,0,0,0,0,0,0,0,0,0,19,1,7,5,2,2,0,16,2,19,0,0,0,0,0,0,0,0,0,0,0,0,0,0,0,0,0,0,0,0,0,0,1,1,37,18,8,32,2,67,137,0,0,0,0,0,0,0,0,0,0,0,0,0,0,0,0,0,0,0,0,0,0,0,19,1,6,5,2,2,0,16,2,19,0,0,0,0,0,0,0,0,0,0,0,0,0,0,0,0,0,0,0,0,0,0,1,1,37,18,8,32,2,69,25,0,0,0,0,0,0,0,0,0,0,0,0,0,0,0,0,0,0,0,0,0,0,0,19,1,6,4,2,2,0,16,2,19,0,0,0,0,0,0,0,0,0,0,0,0,0,0,0,0,0,0,0,0,0,0,1,1,37,18,8,32,2,70,125,0,0,0,0,0,0,0,0,0,0,0,0,0,0,0,0,0,0,0,0,0,0,0,19,1,5,4,2,2,0,16,2,19,0,0,0,0,0,0,0,0,0,0,0,0,0,0,0,0,0,0,0,0,0,0,1,1,37,18,8,32,2,72,93,0,0,0,0,0,0,0,0,0,0,0,0,0,0,0,0,0,0,0,0,0,0,0,19,1,5,3,2,2,0,16,2,19,0,0,0,0,0,0,0,0,0,0,0,0,0,0,0,0,0,0,0,0,0,0,3,1,37,18,8,32,2,72,133,0,0,0,0,0,0,0,0,0,0,0,0,0,0,0,0,0,0,0,0,0,0,0"
2371788,53507,2025-12-08 10:58:28,"19,1,3,3,3,0,0,2,3,12,0,0,0,0,0,0,0,0,0,0,0,0,0,0,0,0,0,0,0,0,0,0,1,1,37,18,6,32,69,83,61,0,0,0,0,0,0,0,0,0,0,0,0,0,0,0,0,0,0,0,0,0,0,0,18,1,0,0,0,0,1,0,0,0,0,0,0,0,0,0,0,0,0,0,0,0,0,0,0,0,0,0,0,0,0,0,19,1,3,3,4,0,0,2,3,12,0,0,0,0,0,0,0,0,0,0,0,0,0,0,0,0,0,0,0,0,0,0,1,1,37,18,6,32,69,83,81,0,0,0,0,0,0,0,0,0,0,0,0,0,0,0,0,0,0,0,0,0,0,0,20,1,1,0,1,1,255,3,3,128,128,1,1,1,1,1,1,1,128,229,0,0,0,0,129,129,0,0,0,0,0,0,1,1,37,18,6,32,69,83,161,0,0,0,0,0,0,0,0,0,0,0,0,0,0,0,0,0,0,0,0,0,0,0,20,1,1,0,1,1,255,1,3,128,128,1,1,1,1,1,1,1,128,229,0,0,0,0,129,129,0,0,0,0,0,0,1,1,37,18,6,32,70,7,125,0,0,0,0,0,0,0,0,0,0,0,0,0,0,0,0,0,0,0,0,0,0,0,18,1,0,0,0,0,0,0,0,0,0,0,0,0,0,0,0,0,0,0,0,0,0,0,0,0,0,0,0,0,0,0,19,1,3,3,0,0,1,0,255,12,0,0,0,0,0,0,0,0,0,0,0,0,0,0,0,0,0,0,0,0,0,0,1,1,37,18,6,32,70,8,245,0,0,0,0,0,0,0,0,0,0,0,0,0,0,0,0,0,0,0,0,0,0,0,19,1,3,3,0,0,1,0,1,12,0,0,0,0,0,0,0,0,0,0,0,0,0,0,0,0,0,0,0,0,0,0,1,1,37,18,6,32,70,8,9,0,0,0,0,0,0,0,0,0,0,0,0,0,0,0,0,0,0,0,0,0,0,0,19,1,3,3,1,2,1,16,1,3,0,0,0,0,0,0,0,0,0,0,0,0,0,0,0,0,0,0,0,0,0,0,1,1,37,18,6,32,70,8,49,0,0,0,0,0,0,0,0,0,0,0,0,0,0,0,0,0,0,0,0,0,0,0,20,1,1,0,1,1,255,3,3,128,128,1,1,1,1,1,1,1,128,229,0,0,0,0,129,129,0,0,0,0,0,0,1,1,37,18,6,32,70,9,189,0,0,0,0,0,0,0,0,0,0,0,0,0,0,0,0,0,0,0,0,0,0,0,19,1,3,2,2,2,0,16,1,3,0,0,0,0,0,0,0,0,0,0,0,0,0,0,0,0,0,0,0,0,0,0,1,1,37,18,6,32,70,9,209,0,0,0,0,0,0,0,0,0,0,0,0,0,0,0,0,0,0,0,0,0,0,0,20,1,0,0,1,1,255,3,3,128,128,1,1,1,1,1,1,1,229,229,0,0,0,0,129,129,0,0,0,0,0,0,1,1,37,18,6,32,70,17,157,0,0,0,0,0,0,0,0,0,0,0,0,0,0,0,0,0,0,0,0,0,0,0,19,1,3,1,3,0,0,2,1,3,0,0,0,0,0,0,0,0,0,0,0,0,0,0,0,0,0,0,0,0,0,0,1,1,37,18,6,32,70,18,141,0,0,0,0,0,0,0,0,0,0,0,0,0,0,0,0,0,0,0,0,0,0,0,19,1,2,1,3,0,0,2,1,3,0,0,0,0,0,0,0,0,0,0,0,0,0,0,0,0,0,0,0,0,0,0,1,1,37,18,6,32,70,22,53,0,0,0,0,0,0,0,0,0,0,0,0,0,0,0,0,0,0,0,0,0,0,0,19,1,1,1,3,0,0,2,1,3,0,0,0,0,0,0,0,0,0,0,0,0,0,0,0,0,0,0,0,0,0,0,1,1,37,18,6,32,70,24,61,0,0,0,0,0,0,0,0,0,0,0,0,0,0,0,0,0,0,0,0,0,0,0,18,1,0,0,0,0,1,0,0,0,0,0,0,0,0,0,0,0,0,0,0,0,0,0,0,0,0,0,0,0,0,0,19,1,1,1,4,0,0,2,1,3,0,0,0,0,0,0,0,0,0,0,0,0,0,0,0,0,0,0,0,0,0,0,1,1,37,18,6,32,70,24,101,0,0,0,0,0,0,0,0,0,0,0,0,0,0,0,0,0,0,0,0,0,0,0,20,1,1,0,1,1,255,3,3,128,128,1,1,1,1,1,1,1,128,229,0,0,0,0,129,129,0,0,0,0,0,0"
2371788,53554,2025-12-08 11:00:43,"0,0,0,0,0,0,0,0,0,0,0,0,0,0,0,0,0,0,0,0,0,0,0,0,0,0,0,0,0,0,0,0,0,0,0,0,0,0,0,0,0,0,0,0,0,0,0,0,0,0,0,0,0,0,0,0,0,0,0,0,0,0,0,0,0,0,0,0,0,0,0,0,0,0,0,0,0,0,0,0,0,0,0,0,0,0,0,0,0,0,0,0,0,0,0,0,0,0,0,0,0,0,0,0,0,0,0,0,0,0,0,0,0,0,0,0,0,0,0,0,0,0,0,0,0,0,0,0,0,0,0,0,0,0,0,0,0,0,0,0,0,0,0,0,0,0,0,0,0,0,0,0,0,0,0,0,0,0,0,0,0,0,0,0,0,0,0,0,0,0,0,0,0,0,0,0,0,0,0,0,0,0,0,0,0,0,0,0,0,0,0,0,0,0,0,0,0,0,0,0,0,0,0,0,0,0,0,0,0,0,0,0,0,0,0,0,0,0,0,0,0,0,0,0,0,0,0,0,0,0,0,0,0,0,0,0,0,0,0,0,0,0,0,0,0,0,0,0,0,0,0,0,0,0,0,0,0,0,0,0,0,0,0,0,0,0,0,0,0,0,0,0,0,0,0,0,0,0,0,0,0,0,0,0,0,0,0,0,0,0,0,0,0,0,0,0,0,0,0,0,0,0,0,0,0,0,0,0,0,0,0,0,0,0,0,0,0,0,0,0,0,0,0,0,0,0,0,0,0,0,0,0,0,0,0,0,0,0,0,0,0,0,0,0,0,0,0,0,0,0,0,0,0,0,0,0,0,0,0,0,0,0,0,0,0,0,0,0,0,0,0,0,0,0,0,0,0,0,0,0,0,0,0,0,0,0,0,0,0,0,0,0,0,0,0,0,0,0,0,0,0,0,0,0,0,0,0,0,0,0,0,0,0,0,0,0,0,0,0,0,0,0,0,0,0,0,0,0,0,0,0,0,0,0,0,0,0,0,0,0,0,0,0,0,0,0,0,0,0,0,0,0,0,0,0,0,0,0,0,0,0,0,0,0,0,0,0,0,0,0,0,0,0,0,0,0,0,0,0,0,0,0,0,0,0,0,0,0,0,0,0,0,0,0,0,0,0,0,0,0,0,0,0,0,0,0,0,0,0,0,0,0,2,2,2,3,0,14,0,14,0,19,14,0,0,1,1,0,1,9,0,0,0,0,0,193,0,0,64,0,0,1,118,98,0,0,245,216,0,0,0,58,0,0,0,15,0,90,0,179,1,244,26,0,0,227,3,231,5,128,0,0,0,31,4,52,0,0,0,0,0,0,0,0,0,0,0,0,0,0,0,0,0,0,0,1,0,0,0,0,0,0,0,0,0,0,0,0,0,0,0,0,0,0,0,0,0,0,0,0,0,0,0,0,0,0,0,0,0,0,0,0,0,0,0,0,0,0,0,0,0,0,0,0,0,0,0,0,0,0,0,0,0,0,0,0,0,0,0,0,0,0,0,0,0,0,0,0,0,0,0,0,0,0,0,0,0,0,0,0,0,0,0,0,0,0,0,0,0,0,0,0,0,0,0,0,0,0,0,0,0,0,0,0,0,0,0,0,0,0,0,0,0,0,0,0,0,0,0,0,0,0,0,0,0,0,0,0,0,0,0,0,0,0,0,0,0,0,0,0,0,0,0,0,0,0,0,0,0,0,0,0,0,0,0,0,0,0,0,0,0,0,0,0,0,0,0,0,0,0,0,0,0,0,0,0,0,0,0,0,0,0,0,0,0,0,0,0,0,0,0,0,37,18,6,23,34,18,6,10,0,0,0,0,0,0,0,0,0,0,0,0,0,0,0,0,0,0,0,0,0,0,0,0,0,0,0,0,0,0,0,0,0,14,0,8,255,255,255,241,0,0,42,168,255,255,255,241,0,1,245,216,255,255,255,198,255,255,255,183,255,255,255,134,0,0,0,0,0,0,0,0,0,0,0,0,0,0,0,0,0,0,0,0,0,0,0,0,0,0,0,0,0,0,0,0,0,14,0,8,255,255,255,245,0,0,42,168,255,255,255,245,0,1,245,216,255,255,255,198,255,255,255,204,255,255,255,134,0,0,0,0,0,0,0,0,0,0,0,0,0,0,0,0,0,0,0,0,0,0,0,0,0,0,0,0,0,0,0,0,0,14,0,8,255,255,255,247,0,0,42,168,255,255,255,247,0,1,245,216,255,255,255,198,255,255,255,215,255,255,255,192,0,0,0,0,0,0,0,0,0,0,0,0,0,0,0,0,0,0,0,0,0,0,0,0,0,0,0,0,0,0,0,0"
2371788,53506,2025-12-08 11:18:58,"20,1,1,0,0,255,255,3,3,128,128,0,0,1,0,1,1,1,225,229,0,0,0,0,130,129,0,0,0,0,0,0,1,1,37,18,8,17,21,36,73,0,0,0,0,0,0,0,0,0,0,0,0,0,0,0,0,0,0,0,0,0,0,0,20,1,1,0,0,255,255,3,3,128,128,0,0,1,1,1,1,1,225,229,0,0,0,0,130,129,0,0,0,0,0,0,1,1,37,18,8,17,21,38,61,0,0,0,0,0,0,0,0,0,0,0,0,0,0,0,0,0,0,0,0,0,0,0,17,1,32,6,0,0,0,0,0,0,0,0,0,0,0,0,0,0,0,0,0,0,0,0,0,0,1,0,0,0,0,0,20,1,1,0,0,255,255,3,3,128,128,1,1,1,1,1,1,1,224,229,0,0,0,0,129,129,0,0,0,0,0,0,1,1,37,18,8,17,22,72,253,0,0,0,0,0,0,0,0,0,0,0,0,0,0,0,0,0,0,0,0,0,0,0,20,1,1,0,0,255,255,3,3,128,128,0,1,1,1,1,1,1,224,229,0,0,0,0,130,129,0,0,0,0,0,0,1,1,37,18,8,17,22,73,217,0,0,0,0,0,0,0,0,0,0,0,0,0,0,0,0,0,0,0,0,0,0,0,20,1,1,0,0,255,255,3,3,128,128,1,1,1,1,1,1,1,224,229,0,0,0,0,129,129,0,0,0,0,0,0,1,1,37,18,8,17,22,80,221,0,0,0,0,0,0,0,0,0,0,0,0,0,0,0,0,0,0,0,0,0,0,0,20,1,1,0,0,255,255,3,3,128,128,0,1,1,1,1,1,1,224,229,0,0,0,0,130,129,0,0,0,0,0,0,1,1,37,18,8,17,23,16,145,0,0,0,0,0,0,0,0,0,0,0,0,0,0,0,0,0,0,0,0,0,0,0,20,1,1,0,0,2,255,3,3,165,128,0,1,1,1,1,1,1,128,229,0,0,0,0,130,129,0,0,0,0,0,0,2,1,37,18,8,17,23,16,145,0,0,48,80,37,0,0,0,0,0,0,0,0,0,0,0,0,0,0,0,0,0,0,1,1,37,18,8,17,23,16,165,0,0,0,0,0,0,0,0,0,0,0,0,0,0,0,0,0,0,0,0,0,0,0,19,1,2,2,5,0,1,0,255,19,0,0,0,0,0,0,0,0,0,0,0,0,0,0,0,0,0,0,0,0,0,0,20,1,1,0,0,2,255,2,3,181,128,0,1,1,1,1,1,1,128,229,0,0,0,0,130,129,0,0,0,0,0,0,1,1,37,18,8,17,23,17,109,0,0,0,0,0,0,0,0,0,0,0,0,0,0,0,0,0,0,0,0,0,0,0,20,1,1,0,0,2,255,2,3,181,128,0,0,1,1,1,1,1,128,229,0,0,0,0,130,129,0,0,0,0,0,0,1,1,37,18,8,17,23,19,233,0,0,0,0,0,0,0,0,0,0,0,0,0,0,0,0,0,0,0,0,0,0,0,20,1,1,0,0,2,255,2,3,181,128,0,0,1,0,1,1,1,128,229,0,0,0,0,130,129,0,0,0,0,0,0,1,1,37,18,8,17,23,22,5,0,0,0,0,0,0,0,0,0,0,0,0,0,0,0,0,0,0,0,0,0,0,0,20,1,1,0,0,255,255,2,3,128,128,0,0,1,0,1,0,1,224,229,0,0,0,0,131,129,0,0,0,0,0,0,1,1,37,18,8,17,23,22,25,0,0,0,0,0,0,0,0,0,0,0,0,0,0,0,0,0,0,0,0,0,0,0,19,1,2,2,0,0,1,0,255,19,0,0,0,0,0,0,0,0,0,0,0,0,0,0,0,0,0,0,0,0,0,0,20,1,1,0,0,255,255,3,3,128,128,0,0,1,0,1,0,1,224,229,0,0,0,0,131,129,0,0,0,0,0,0,1,1,37,18,8,17,23,23,185,0,0,0,0,0,0,0,0,0,0,0,0,0,0,0,0,0,0,0,0,0,0,0,20,1,1,0,0,255,255,3,3,128,128,0,0,1,0,1,1,1,224,229,0,0,0,0,130,129,0,0,0,0,0,0,1,1,37,18,8,17,23,25,153,0,0,0,0,0,0,0,0,0,0,0,0,0,0,0,0,0,0,0,0,0,0,0,20,1,1,0,0,255,255,3,3,128,128,0,0,1,1,1,1,1,224,229,0,0,0,0,130,129,0,0,0,0,0,0,1,1,37,18,8,17,23,34,141,0,0,0,0,0,0,0,0,0,0,0,0,0,0,0,0,0,0,0,0,0,0,0"
2371788,53557,2025-12-08 10:58:17,"2,16,2,7,22,52,12,1,0,0,3,3,1,176,0,112,0,0,3,0,0,0,0,0,1,0,0,0,0,0,0,0,0,0,0,0,0,0,0,0,0,0,0,0,0,0,2,0,2,0,3,3,0,0,0,0,0,0,0,0,0,0,0,0,2,16,2,7,22,54,12,1,0,0,3,3,1,176,0,112,0,0,3,0,0,0,0,0,1,0,0,0,0,0,0,0,0,0,0,0,0,0,0,0,0,0,0,0,0,0,2,0,2,0,3,3,0,0,0,0,0,0,0,0,0,0,0,0,2,16,2,7,22,54,12,1,0,0,3,3,1,176,0,112,0,0,3,0,0,0,0,0,1,0,0,0,0,0,0,0,0,0,0,0,0,0,0,0,0,0,0,0,0,0,2,0,2,0,3,3,0,0,0,0,0,0,0,0,0,0,0,0,2,16,2,7,22,54,12,1,0,0,3,3,1,176,0,112,0,0,3,0,0,0,0,0,1,0,0,0,0,0,0,0,0,0,0,0,0,0,0,0,0,0,0,0,0,0,2,0,2,0,3,3,0,0,0,0,0,0,0,0,0,0,0,0,2,16,2,7,22,54,12,1,0,0,3,3,1,176,0,112,0,0,3,0,0,0,0,0,1,0,0,0,0,0,0,0,0,0,0,0,0,0,0,0,0,0,0,0,0,0,2,0,2,0,3,3,0,0,0,0,0,0,0,0,0,0,0,0,2,16,2,7,22,54,140,1,0,0,3,3,1,176,0,112,0,0,3,0,0,0,0,0,1,0,0,0,0,0,0,0,0,0,0,0,0,0,0,0,0,0,0,0,0,0,2,0,2,0,2,3,0,0,0,0,0,0,0,0,0,0,0,0,2,16,2,7,22,54,140,1,0,0,3,3,1,176,0,112,0,0,3,0,0,0,0,0,1,0,0,0,0,0,0,0,0,0,0,0,0,0,0,0,0,0,0,0,0,0,2,0,2,0,2,3,0,0,0,0,0,0,0,0,0,0,0,0,2,16,2,7,22,54,140,1,0,0,3,3,1,176,0,112,0,0,3,0,0,0,0,0,1,0,0,0,0,0,0,0,0,0,0,0,0,0,0,0,0,0,0,0,0,0,2,0,2,0,2,3,0,0,0,0,0,0,0,0,0,0,0,0,2,16,2,7,22,54,140,1,0,0,3,3,1,176,0,112,0,0,3,0,0,0,0,0,1,0,0,0,0,0,0,0,0,0,0,0,0,0,0,0,0,0,0,0,0,0,2,0,2,0,2,3,0,0,0,0,0,0,0,0,0,0,0,0,2,16,2,7,23,54,140,1,0,0,2,3,1,176,0,112,0,0,3,0,0,0,0,0,1,0,0,0,0,0,0,0,0,0,0,0,0,0,0,0,0,0,0,0,0,0,2,0,2,0,2,3,0,0,0,0,0,0,0,0,0,0,0,0,2,16,2,7,23,54,140,1,0,0,2,3,1,176,0,112,0,0,3,0,0,0,0,0,1,0,0,0,0,0,0,0,0,0,0,0,0,0,0,0,0,0,0,0,0,0,2,0,2,0,2,3,0,0,0,0,0,0,0,0,0,0,0,0,2,16,2,7,23,54,140,1,0,0,2,3,1,176,0,112,0,0,3,0,0,0,0,0,1,0,0,0,0,0,0,0,0,0,0,0,0,0,0,0,0,0,0,0,0,0,2,0,2,0,2,3,0,0,0,0,0,0,0,0,0,0,0,0,2,16,2,7,23,54,140,1,0,0,2,3,1,176,0,112,0,0,3,0,0,0,0,0,1,0,0,0,0,0,0,0,0,0,0,0,0,0,0,0,0,0,0,0,0,0,2,0,2,0,2,3,0,0,0,0,0,0,0,0,0,0,0,0,2,16,2,7,23,55,140,1,0,0,2,3,1,176,0,112,0,0,3,0,0,0,0,0,1,0,0,0,0,0,0,0,0,0,0,0,0,0,0,0,0,0,0,0,0,0,2,0,2,0,2,3,0,0,0,0,0,0,0,0,0,0,0,0,2,16,2,7,23,55,140,1,0,0,2,3,1,176,0,112,0,0,3,0,0,0,0,0,1,0,0,0,0,0,0,0,0,0,0,0,0,0,0,0,0,0,0,0,0,0,2,0,2,0,2,3,0,0,0,0,0,0,0,0,0,0,0,0,2,16,2,7,23,55,140,1,0,0,2,3,1,176,0,112,0,0,3,0,0,0,0,0,1,0,0,0,0,0,0,0,0,0,0,0,0,0,0,0,0,0,0,0,0,0,2,0,2,0,2,3,0,0,0,0,0,0,0,0,0,0,0,0"
2371788,53553,2025-12-08 11:00:43,"255,255,0,0,0,0,0,0,0,0,0,0,0,0,0,0,0,0,0,0,0,0,0,0,0,0,0,0,0,0,0,0,255,255,255,255,255,255,255,255,0,0,0,0,0,0,0,0,0,0,0,0,0,0,0,0,0,0,0,0,255,224,0,0,0,0,0,0,0,0,0,0,0,0,0,0,255,255,0,0,0,0,255,255,0,0,0,0,0,0,0,0,255,255,255,255,0,0,0,0,255,255,255,255,0,0,0,0,0,0,0,0,255,254,0,0,0,0,0,0,0,0,127,255,255,255,255,255,0,0,0,0,0,0,0,0,0,0,0,0,255,255,255,255,255,255,224,0,0,0,0,0,0,0,0,0,255,255,255,255,0,0,0,0,0,0,0,0,0,0,0,0,255,255,0,0,255,255,255,0,255,255,0,0,0,0,0,0,255,254,0,0,0,0,0,0,0,0,0,0,255,255,0,0,255,255,0,0,255,255,255,255,255,255,255,255,0,0,0,0,0,0,0,0,0,0,0,0,0,0,0,0,255,255,224,0,255,255,255,0,0,0,0,0,0,0,0,0,255,254,0,0,0,0,0,0,0,0,0,0,255,255,0,0,255,255,255,255,255,255,128,0,0,0,0,0,255,255,128,0,255,255,128,0,255,192,0,0,0,3,128,0,255,255,128,0,255,255,240,0,255,255,240,0,255,255,0,0,255,255,128,0,255,224,0,0,0,0,0,0,0,0,31,255,0,0,63,255,0,0,31,255,255,255,255,255,0,0,0,0,0,0,255,255,255,255,255,255,255,255,255,255,255,255,255,255,255,255,255,255,255,255,255,255,255,255,255,255,0,0,0,0,255,255,255,255,0,0,0,0,0,0,0,0,0,0,0,0,0,0,0,0,0,0,0,0,0,0,0,0,0,0,0,0,0,0,0,0,0,0,0,0,0,0,0,0,0,0,0,0,0,0,0,0,0,0,0,0,0,0,0,0,0,0,255,255,0,0,0,0,0,0,0,0,0,0,0,0,0,0,0,0,0,0,0,0,0,0,0,0,0,0,0,0,255,255,255,255,255,255,255,255,0,0,0,127,0,0,0,0,0,0,0,0,0,0,0,0,0,0,0,0,0,0,0,0,0,0,0,0,0,0,0,0,0,0,0,0,0,0,0,0,0,0,0,0,0,0,0,0,0,0,0,0,0,0,0,0,0,0,127,255,0,0,0,0,255,255,255,255,0,0,0,0,255,255,255,255,255,255,255,255,255,255,255,255,0,0,0,0,255,255,255,255,255,255,255,255,255,255,255,255,255,255,255,255,0,0,0,0,0,0,0,0,0,0,0,0,0,0,0,0,0,0,0,0,0,0,0,0,255,255,255,255,0,0,0,0,0,0,0,0,0,0,0,0,0,0,0,0,0,0,0,0,0,0,0,0,0,0,0,0,0,0,0,0,0,0,0,0,0,0,0,0,255,255,255,255,0,0,0,0,0,0,0,0,0,0,0,0,0,0,0,0,0,0,0,0,0,0,0,0,0,0,0,0,0,0,0,0,0,0,0,0,0,0,0,0,0,0,0,0,0,0,0,0,0,0,0,0,0,0,0,0,255,255,255,255,255,255,255,255,255,255,255,255,255,255,224,0,0,0,0,0,0,0,0,0,0,0,0,0,0,0,0,0,255,255,255,255,255,255,255,255,0,0,0,0,0,0,0,0,0,0,0,0,0,0,0,0,0,0,0,0,0,0,0,0,0,0,0,0,0,0,0,0,255,255,255,255,255,255,255,255,255,255,255,255,255,255,255,255,0,0,0,0,0,0,0,0,0,0,0,0,0,0,0,0,0,0,0,0,0,0,0,0,0,0,0,0,0,0,0,0,0,0,0,0,0,0,0,0,0,0,0,0,0,0,0,0,0,0,0,0,0,0,0,0,0,0,0,0,0,0,0,0,0,0,0,0,0,0,0,0,0,0,0,0,0,0,0,0,0,0,0,0,0,0,0,0,0,0,0,0,0,0,0,0,0,0,0,0,0,0,0,0,0,0,0,0,0,0,0,0,0,0,0,0,0,0,0,0,0,0,0,0,0,0,0,0,0,0,0,0,0,0,0,0,0,0,0,0,0,0,0,0,0,0,0,0,0,0,0,0,0,0,0,0,0,0,0,0,0,0,0,0,0,0,0,0,0,0,0,0,0,63,159,255,0,0,0,0,0,0,0,0,0,0,0,0,0,0,0,0,0,0,0,0,0,0,0,0,0,0,0,0,0,0,0,0,255,255,255,255,0,0,0,0,0,0,0,0,0,0,0,0,0,0,0,0,0,0,0,0"
2371788,53504,2025-12-08 11:18:58,"2,32,37,18,8,17,24,72,75,16,0,0,221,111,1,0"
2371788,53508,2025-12-08 10:58:28,"1,1,37,18,6,32,70,25,161,0,0,0,0,0,0,0,0,0,0,0,0,0,0,0,0,0,0,0,0,0,0,0,20,1,1,0,1,1,255,1,3,128,128,1,1,1,1,1,1,1,128,229,0,0,0,0,129,129,0,0,0,0,0,0,1,1,37,18,6,32,70,51,205,0,0,0,0,0,0,0,0,0,0,0,0,0,0,0,0,0,0,0,0,0,0,0,18,1,0,0,0,0,0,0,0,0,0,0,0,0,0,0,0,0,0,0,0,0,0,0,0,0,0,0,0,0,0,0,19,1,1,1,0,0,1,0,255,3,0,0,0,0,0,0,0,0,0,0,0,0,0,0,0,0,0,0,0,0,0,0,1,1,37,18,6,32,70,52,169,0,0,0,0,0,0,0,0,0,0,0,0,0,0,0,0,0,0,0,0,0,0,0,19,1,1,1,0,0,1,0,2,3,0,0,0,0,0,0,0,0,0,0,0,0,0,0,0,0,0,0,0,0,0,0,1,1,37,18,6,32,70,52,189,0,0,0,0,0,0,0,0,0,0,0,0,0,0,0,0,0,0,0,0,0,0,0,19,1,1,1,1,1,1,16,2,1,0,0,0,0,0,0,0,0,0,0,0,0,0,0,0,0,0,0,0,0,0,0,1,1,37,18,6,32,70,52,229,0,0,0,0,0,0,0,0,0,0,0,0,0,0,0,0,0,0,0,0,0,0,0,20,1,1,0,1,1,255,3,3,128,128,1,1,1,1,1,1,1,128,229,0,0,0,0,129,129,0,0,0,0,0,0,1,1,37,18,6,32,70,53,113,0,0,0,0,0,0,0,0,0,0,0,0,0,0,0,0,0,0,0,0,0,0,0,19,1,1,2,2,1,0,16,2,1,0,0,0,0,0,0,0,0,0,0,0,0,0,0,0,0,0,0,0,0,0,0,1,1,37,18,6,32,70,53,133,0,0,0,0,0,0,0,0,0,0,0,0,0,0,0,0,0,0,0,0,0,0,0,19,1,1,2,3,0,0,2,2,1,0,0,0,0,0,0,0,0,0,0,0,0,0,0,0,0,0,0,0,0,0,0,20,1,0,0,1,1,255,3,3,128,128,1,1,1,1,1,1,1,229,229,0,0,0,0,129,129,0,0,0,0,0,0,1,1,37,18,6,32,70,57,105,0,0,0,0,0,0,0,0,0,0,0,0,0,0,0,0,0,0,0,0,0,0,0,19,1,2,2,3,0,0,2,2,1,0,0,0,0,0,0,0,0,0,0,0,0,0,0,0,0,0,0,0,0,0,0,1,1,37,18,6,32,70,65,33,0,0,0,0,0,0,0,0,0,0,0,0,0,0,0,0,0,0,0,0,0,0,0,19,1,2,2,3,0,0,2,255,1,0,0,0,0,0,0,0,0,0,0,0,0,0,0,0,0,0,0,0,0,0,0,1,1,37,18,6,32,70,66,113,0,0,0,0,0,0,0,0,0,0,0,0,0,0,0,0,0,0,0,0,0,0,0,19,1,2,2,4,0,0,2,255,1,0,0,0,0,0,0,0,0,0,0,0,0,0,0,0,0,0,0,0,0,0,0,1,1,37,18,6,32,70,66,133,0,0,0,0,0,0,0,0,0,0,0,0,0,0,0,0,0,0,0,0,0,0,0,20,1,1,0,1,1,255,3,3,128,128,1,1,1,1,1,1,1,128,229,0,0,0,0,129,129,0,0,0,0,0,0,1,1,37,18,6,32,70,66,193,0,0,0,0,0,0,0,0,0,0,0,0,0,0,0,0,0,0,0,0,0,0,0,20,1,1,0,1,1,255,1,3,128,128,1,1,1,1,1,1,1,128,229,0,0,0,0,129,129,0,0,0,0,0,0,1,1,37,18,6,32,70,70,69,0,0,0,0,0,0,0,0,0,0,0,0,0,0,0,0,0,0,0,0,0,0,0,19,1,2,2,1,2,1,16,1,2,0,0,0,0,0,0,0,0,0,0,0,0,0,0,0,0,0,0,0,0,0,0,1,1,37,18,6,32,70,71,109,0,0,0,0,0,0,0,0,0,0,0,0,0,0,0,0,0,0,0,0,0,0,0,20,1,1,0,1,1,255,3,3,128,128,1,1,1,1,1,1,1,128,229,0,0,0,0,129,129,0,0,0,0,0,0,1,1,37,18,6,32,70,71,249,0,0,0,0,0,0,0,0,0,0,0,0,0,0,0,0,0,0,0,0,0,0,0,3,1,37,18,6,32,70,71,13,0,0,0,0,0,0,0,0,0,0,0,0,0,0,0,0,0,0,0,0,0,0,0"
2371788,53555,2025-12-08 11:00:43,"0,14,0,8,255,255,255,249,0,0,42,168,255,255,255,249,0,1,245,215,255,255,255,199,255,255,255,220,255,255,255,192,0,0,0,0,0,0,0,0,0,0,0,0,0,0,0,0,0,0,0,0,0,0,0,0,0,0,0,0,0,0,0,0,0,14,0,8,255,255,255,250,0,0,42,168,255,255,255,250,0,1,245,215,255,255,255,199,255,255,255,223,255,255,255,237,0,0,0,0,0,0,0,0,0,0,0,0,0,0,0,0,0,0,0,0,0,0,0,0,0,0,0,0,0,0,0,0,0,14,0,8,255,255,255,250,0,0,42,168,255,255,255,250,0,1,245,215,255,255,255,199,255,255,255,226,255,255,255,237,0,0,0,0,0,0,0,0,0,0,0,0,0,0,0,0,0,0,0,0,0,0,0,0,0,0,0,0,0,0,0,0,0,14,0,8,255,255,255,250,0,0,42,168,255,255,255,250,0,1,245,215,255,255,255,199,255,255,255,226,255,255,255,250,0,0,0,0,0,0,0,0,0,0,0,0,0,0,0,0,0,0,0,0,0,0,0,0,0,0,0,0,0,0,0,0,0,14,0,8,255,255,255,250,0,0,42,168,255,255,255,250,0,1,245,215,255,255,255,199,255,255,255,226,255,255,255,250,0,0,0,0,0,0,0,0,0,0,0,0,0,0,0,0,0,0,0,0,0,0,0,0,0,0,0,0,0,0,0,0,0,14,0,8,255,255,255,251,0,0,42,168,255,255,255,251,0,1,245,215,255,255,255,199,255,255,255,228,0,0,0,0,0,0,0,0,0,0,0,0,0,0,0,0,0,0,0,0,0,0,0,0,0,0,0,0,0,0,0,0,0,0,0,0,0,14,0,8,255,255,255,250,0,0,42,168,255,255,255,250,0,1,245,215,255,255,255,199,255,255,255,226,0,0,0,0,0,0,0,0,0,0,0,0,0,0,0,0,0,0,0,0,0,0,0,0,0,0,0,0,0,0,0,0,0,0,0,0,0,14,0,8,255,255,255,251,0,0,42,168,255,255,255,251,0,1,245,215,255,255,255,199,255,255,255,228,0,0,0,0,0,0,0,0,0,0,0,0,0,0,0,0,0,0,0,0,0,0,0,0,0,0,0,0,0,0,0,0,0,0,0,0,0,14,0,8,255,255,255,251,0,0,42,168,255,255,255,251,0,1,245,215,255,255,255,199,255,255,255,228,0,0,0,0,0,0,0,0,0,0,0,0,0,0,0,0,0,0,0,0,0,0,0,0,0,0,0,0,0,0,0,0,0,0,0,0,0,14,0,8,255,255,255,251,0,0,42,168,255,255,255,251,0,1,245,215,255,255,255,199,255,255,255,228,255,255,255,253,0,0,0,0,0,0,0,0,0,0,0,0,0,0,0,0,0,0,0,0,0,0,0,0,0,0,0,0,0,0,0,0,0,14,0,8,255,255,255,251,0,0,42,168,255,255,255,251,0,1,245,215,255,255,255,199,255,255,255,231,255,255,255,253,0,0,0,0,0,0,0,0,0,0,0,0,0,0,0,0,0,0,0,0,0,0,0,0,0,0,0,0,0,0,0,0,0,14,0,8,255,255,255,251,0,0,42,168,255,255,255,251,0,1,245,215,255,255,255,199,255,255,255,231,255,255,255,253,0,0,0,0,0,0,0,0,0,0,0,0,0,0,0,0,0,0,0,0,0,0,0,0,0,0,0,0,0,0,0,0,0,14,0,8,255,255,255,252,0,0,42,168,255,255,255,252,0,1,245,215,255,255,255,199,255,255,255,234,255,255,255,253,0,0,0,0,0,0,0,0,0,0,0,0,0,0,0,0,0,0,0,0,0,0,0,0,0,0,0,0,0,0,0,0,0,14,0,1,0,0,0,0,0,0,1,244,0,0,0,0,0,1,245,215,255,255,255,199,255,255,255,236,255,255,255,253,0,0,0,0,0,0,0,0,0,0,0,0,0,0,0,0,0,0,0,0,0,0,0,0,0,0,0,0,0,0,0,0,0,14,0,1,0,0,0,0,0,0,1,244,0,0,0,0,0,1,245,215,255,255,255,199,255,255,255,236,255,255,255,253,0,0,0,0,0,0,0,0,0,0,0,0,0,0,0,0,0,0,0,0,0,0,0,0,0,0,0,0,0,0,0,0,0,14,0,1,0,0,0,0,0,0,1,244,0,0,0,0,0,1,245,215,255,255,255,199,255,255,255,239,255,255,255,253,0,0,0,0,0,0,0,0,0,0,0,0,0,0,0,0,0,0,0,0,0,0,0,0,0,0,0,0,0,0,0,0"
2371788,53505,2025-12-08 11:18:58,"1,1,37,18,8,17,21,2,85,0,0,0,0,0,0,0,0,0,0,0,0,0,0,0,0,0,0,0,0,0,0,0,17,1,32,1,0,0,0,0,0,0,0,0,0,0,0,0,0,0,0,0,0,0,0,0,0,0,1,0,0,0,0,0,18,1,0,0,0,0,0,0,0,0,0,0,0,0,0,0,0,0,0,0,0,0,0,0,0,0,0,0,0,0,0,0,19,1,2,2,0,0,1,0,255,19,0,0,0,0,0,0,0,0,0,0,0,0,0,0,0,0,0,0,0,0,0,0,20,1,1,0,0,2,255,2,3,211,128,0,0,1,1,1,1,1,128,229,0,0,0,0,130,129,0,0,0,0,0,0,1,1,37,18,8,17,21,2,105,0,0,0,0,0,0,0,0,0,0,0,0,0,0,0,0,0,0,0,0,0,0,0,17,1,32,2,0,0,0,0,0,0,0,0,0,0,0,0,0,0,0,0,0,0,0,0,0,0,1,0,0,0,0,0,19,1,2,2,5,0,1,0,255,19,0,0,0,0,0,0,0,0,0,0,0,0,0,0,0,0,0,0,0,0,0,0,1,1,37,18,8,17,21,3,225,0,0,0,0,0,0,0,0,0,0,0,0,0,0,0,0,0,0,0,0,0,0,0,20,1,1,0,0,2,255,2,3,211,128,0,0,1,0,1,1,1,128,229,0,0,0,0,130,129,0,0,0,0,0,0,1,1,37,18,8,17,21,3,89,0,0,0,0,0,0,0,0,0,0,0,0,0,0,0,0,0,0,0,0,0,0,0,20,1,1,0,0,2,255,2,3,160,128,0,0,1,0,1,1,1,128,229,0,0,0,0,130,129,0,0,0,0,0,0,1,1,37,18,8,17,21,4,53,0,0,0,0,0,0,0,0,0,0,0,0,0,0,0,0,0,0,0,0,0,0,0,20,1,1,0,0,2,255,2,3,211,128,0,0,1,0,1,1,1,128,229,0,0,0,0,130,129,0,0,0,0,0,0,1,1,37,18,8,17,21,5,253,0,0,0,0,0,0,0,0,0,0,0,0,0,0,0,0,0,0,0,0,0,0,0,20,1,1,0,0,255,255,2,3,225,128,0,0,1,0,1,0,1,128,229,0,0,0,0,131,129,0,0,0,0,0,0,1,1,37,18,8,17,21,5,17,0,0,0,0,0,0,0,0,0,0,0,0,0,0,0,0,0,0,0,0,0,0,0,17,1,32,3,0,0,0,0,0,0,0,0,0,0,0,0,0,0,0,0,0,0,0,0,0,0,1,0,0,0,0,0,1,1,37,18,8,17,21,6,157,0,0,0,0,0,0,0,0,0,0,0,0,0,0,0,0,0,0,0,0,0,0,0,20,1,1,0,0,2,255,2,3,160,128,0,0,1,0,1,0,1,128,229,0,0,0,0,131,129,0,0,0,0,0,0,1,1,37,18,8,17,21,7,101,0,0,0,0,0,0,0,0,0,0,0,0,0,0,0,0,0,0,0,0,0,0,0,20,1,1,0,0,255,255,2,3,225,128,0,0,1,0,1,0,1,128,229,0,0,0,0,131,129,0,0,0,0,0,0,1,1,37,18,8,17,21,17,173,0,0,0,0,0,0,0,0,0,0,0,0,0,0,0,0,0,0,0,0,0,0,0,20,1,1,0,0,2,255,2,3,160,128,0,0,1,0,1,0,1,128,229,0,0,0,0,131,129,0,0,0,0,0,0,1,1,37,18,8,17,21,18,97,0,0,0,0,0,0,0,0,0,0,0,0,0,0,0,0,0,0,0,0,0,0,0,20,1,1,0,0,255,255,2,3,225,128,0,0,1,0,1,0,1,128,229,0,0,0,0,131,129,0,0,0,0,0,0,1,1,37,18,8,17,21,32,181,0,0,0,0,0,0,0,0,0,0,0,0,0,0,0,0,0,0,0,0,0,0,0,20,1,1,0,0,255,255,2,3,128,128,0,0,1,0,1,0,1,225,229,0,0,0,0,131,129,0,0,0,0,0,0,1,1,37,18,8,17,21,32,201,0,0,0,0,0,0,0,0,0,0,0,0,0,0,0,0,0,0,0,0,0,0,0,19,1,2,2,0,0,1,0,255,19,0,0,0,0,0,0,0,0,0,0,0,0,0,0,0,0,0,0,0,0,0,0,20,1,1,0,0,255,255,3,3,128,128,0,0,1,0,1,0,1,225,229,0,0,0,0,131,129,0,0,0,0,0,0,1,1,37,18,8,17,21,33,105,0,0,0,0,0,0,0,0,0,0,0,0,0,0,0,0,0,0,0,0,0,0,0"
2371788,53506,2025-12-08 20:03:02,"1,1,37,18,8,32,2,2,69,0,0,0,0,0,0,0,0,0,0,0,0,0,0,0,0,0,0,0,0,0,0,0,20,1,1,0,0,2,255,2,3,195,128,0,0,1,1,1,1,1,128,229,0,0,2,2,130,129,0,0,0,0,0,0,1,1,37,18,8,32,2,2,169,0,0,0,0,0,0,0,0,0,0,0,0,0,0,0,0,0,0,0,0,0,0,0,18,1,0,0,0,0,0,0,0,0,0,0,0,0,0,0,0,0,0,0,0,0,0,0,0,0,0,0,0,0,0,0,19,1,19,19,4,0,0,2,255,22,0,0,0,0,0,0,0,0,0,0,0,0,0,0,0,0,0,0,0,0,0,0,20,1,1,0,0,2,255,2,3,211,128,0,0,1,1,1,1,1,128,229,0,0,2,2,130,129,0,0,0,0,0,0,1,1,37,18,8,32,2,3,113,0,0,0,0,0,0,0,0,0,0,0,0,0,0,0,0,0,0,0,0,0,0,0,19,1,19,19,5,0,1,0,255,22,0,0,0,0,0,0,0,0,0,0,0,0,0,0,0,0,0,0,0,0,0,0,1,1,37,18,8,32,2,3,153,0,0,0,0,0,0,0,0,0,0,0,0,0,0,0,0,0,0,0,0,0,0,0,20,1,1,0,0,2,255,2,3,211,128,0,0,1,0,1,1,1,128,229,0,0,2,2,130,129,0,0,0,0,0,0,1,1,37,18,8,32,2,5,197,0,0,0,0,0,0,0,0,0,0,0,0,0,0,0,0,0,0,0,0,0,0,0,20,1,1,0,0,2,255,2,3,160,128,0,0,1,0,1,1,1,128,229,0,0,2,2,130,129,0,0,0,0,0,0,1,1,37,18,8,32,2,6,101,0,0,0,0,0,0,0,0,0,0,0,0,0,0,0,0,0,0,0,0,0,0,0,18,1,1,0,0,0,0,0,0,0,0,0,0,0,0,0,0,0,0,0,0,0,0,0,0,0,0,0,0,0,0,0,19,1,19,19,5,0,1,0,2,22,0,0,0,0,0,0,0,0,0,0,0,0,0,0,0,0,0,0,0,0,0,0,1,1,37,18,8,32,2,6,121,0,0,0,0,0,0,0,0,0,0,0,0,0,0,0,0,0,0,0,0,0,0,0,20,1,1,0,0,2,255,2,3,160,128,0,0,1,0,1,0,1,128,229,0,0,2,2,131,129,0,0,0,0,0,0,1,1,37,18,8,32,2,6,161,0,0,0,0,0,0,0,0,0,0,0,0,0,0,0,0,0,0,0,0,0,0,0,20,1,1,0,0,255,255,2,3,224,128,0,0,1,0,1,0,1,128,229,0,0,2,2,131,129,0,0,0,0,0,0,1,1,37,18,8,32,2,6,201,0,0,0,0,0,0,0,0,0,0,0,0,0,0,0,0,0,0,0,0,0,0,0,20,1,1,0,0,3,255,2,3,128,128,0,0,1,0,1,0,1,192,229,0,0,2,2,131,129,0,0,0,0,0,0,1,1,37,18,8,32,2,6,221,0,0,0,0,0,0,0,0,0,0,0,0,0,0,0,0,0,0,0,0,0,0,0,19,1,19,19,0,0,1,0,2,22,0,0,0,0,0,0,0,0,0,0,0,0,0,0,0,0,0,0,0,0,0,0,20,1,1,0,0,3,255,3,3,128,128,0,0,1,0,1,0,1,192,229,0,0,2,2,131,129,0,0,0,0,0,0,1,1,37,18,8,32,2,7,25,0,0,0,0,0,0,0,0,0,0,0,0,0,0,0,0,0,0,0,0,0,0,0,20,1,1,0,0,3,255,3,3,128,128,0,0,1,0,1,0,1,208,229,0,0,2,2,131,129,0,0,0,0,0,0,1,1,37,18,8,32,2,7,105,0,0,0,0,0,0,0,0,0,0,0,0,0,0,0,0,0,0,0,0,0,0,0,20,1,1,0,0,3,255,3,3,128,128,0,0,1,0,1,1,1,208,229,0,0,2,2,130,129,0,0,0,0,0,0,1,1,37,18,8,32,2,9,13,0,0,0,0,0,0,0,0,0,0,0,0,0,0,0,0,0,0,0,0,0,0,0,20,1,1,0,0,3,255,3,3,128,128,0,0,1,1,1,1,1,208,229,0,0,2,2,130,129,0,0,0,0,0,0,1,1,37,18,8,32,2,17,217,0,0,0,0,0,0,0,0,0,0,0,0,0,0,0,0,0,0,0,0,0,0,0,19,1,19,19,1,2,1,16,2,19,0,0,0,0,0,0,0,0,0,0,0,0,0,0,0,0,0,0,0,0,0,0"
2371788,53505,2025-12-08 10:58:28,"1,1,37,18,8,8,81,86,253,0,0,0,0,0,0,0,0,0,0,0,0,0,0,0,0,0,0,0,0,0,0,0,17,1,42,0,0,0,0,0,0,0,0,0,0,0,0,0,0,0,0,0,0,0,0,0,0,0,0,0,0,0,0,0,18,1,0,0,0,0,1,0,0,0,0,0,0,0,0,0,0,0,0,0,0,0,0,0,0,0,0,0,0,0,0,0,19,1,16,16,0,0,1,0,16,17,0,0,0,0,0,0,0,0,0,0,0,0,0,0,0,0,0,0,0,0,0,0,20,1,1,0,1,1,255,1,3,128,128,1,1,1,1,1,1,1,128,229,0,0,0,0,129,129,0,0,0,0,0,0,2,1,37,18,8,8,82,6,105,0,0,63,255,255,0,0,0,0,0,0,0,0,0,0,0,0,0,0,0,0,0,0,1,1,37,18,8,8,82,8,13,0,0,0,0,0,0,0,0,0,0,0,0,0,0,0,0,0,0,0,0,0,0,0,18,1,0,0,0,0,0,0,0,0,0,0,0,0,0,0,0,0,0,0,0,0,0,0,0,0,0,0,0,0,0,0,19,1,16,16,0,0,1,0,9,17,0,0,0,0,0,0,0,0,0,0,0,0,0,0,0,0,0,0,0,0,0,0,1,1,37,18,8,8,82,8,33,0,0,0,0,0,0,0,0,0,0,0,0,0,0,0,0,0,0,0,0,0,0,0,19,1,16,16,1,2,1,16,9,16,0,0,0,0,0,0,0,0,0,0,0,0,0,0,0,0,0,0,0,0,0,0,1,1,37,18,8,8,82,8,73,0,0,0,0,0,0,0,0,0,0,0,0,0,0,0,0,0,0,0,0,0,0,0,20,1,1,0,1,1,255,3,3,128,128,1,1,1,1,1,1,1,128,229,0,0,0,0,129,129,0,0,0,0,0,0,1,1,37,18,8,8,82,9,213,0,0,0,0,0,0,0,0,0,0,0,0,0,0,0,0,0,0,0,0,0,0,0,19,1,16,15,2,2,0,16,9,16,0,0,0,0,0,0,0,0,0,0,0,0,0,0,0,0,0,0,0,0,0,0,1,1,37,18,8,8,82,9,233,0,0,0,0,0,0,0,0,0,0,0,0,0,0,0,0,0,0,0,0,0,0,0,20,1,0,0,1,1,255,3,3,128,128,1,1,1,1,1,1,1,229,229,0,0,0,0,129,129,0,0,0,0,0,0,1,1,37,18,8,8,82,17,141,0,0,0,0,0,0,0,0,0,0,0,0,0,0,0,0,0,0,0,0,0,0,0,19,1,16,14,2,2,0,16,9,16,0,0,0,0,0,0,0,0,0,0,0,0,0,0,0,0,0,0,0,0,0,0,1,1,37,18,8,8,82,18,125,0,0,0,0,0,0,0,0,0,0,0,0,0,0,0,0,0,0,0,0,0,0,0,19,1,15,14,2,2,0,16,9,16,0,0,0,0,0,0,0,0,0,0,0,0,0,0,0,0,0,0,0,0,0,0,1,1,37,18,8,8,82,20,229,0,0,0,0,0,0,0,0,0,0,0,0,0,0,0,0,0,0,0,0,0,0,0,19,1,15,13,2,2,0,16,9,16,0,0,0,0,0,0,0,0,0,0,0,0,0,0,0,0,0,0,0,0,0,0,1,1,37,18,8,8,82,21,133,0,0,0,0,0,0,0,0,0,0,0,0,0,0,0,0,0,0,0,0,0,0,0,19,1,14,13,2,2,0,16,9,16,0,0,0,0,0,0,0,0,0,0,0,0,0,0,0,0,0,0,0,0,0,0,1,1,37,18,8,8,82,22,157,0,0,0,0,0,0,0,0,0,0,0,0,0,0,0,0,0,0,0,0,0,0,0,19,1,14,12,2,2,0,16,9,16,0,0,0,0,0,0,0,0,0,0,0,0,0,0,0,0,0,0,0,0,0,0,1,1,37,18,8,8,82,23,61,0,0,0,0,0,0,0,0,0,0,0,0,0,0,0,0,0,0,0,0,0,0,0,19,1,13,12,2,2,0,16,9,16,0,0,0,0,0,0,0,0,0,0,0,0,0,0,0,0,0,0,0,0,0,0,1,1,37,18,8,8,82,25,105,0,0,0,0,0,0,0,0,0,0,0,0,0,0,0,0,0,0,0,0,0,0,0,19,1,13,11,2,2,0,16,9,16,0,0,0,0,0,0,0,0,0,0,0,0,0,0,0,0,0,0,0,0,0,0,1,1,37,18,8,8,82,32,9,0,0,0,0,0,0,0,0,0,0,0,0,0,0,0,0,0,0,0,0,0,0,0"
2371788,53558,2025-12-08 11:00:43,"2,16,2,7,23,55,140,1,0,0,2,3,1,176,0,112,0,0,3,0,0,0,0,0,1,0,0,0,0,0,0,0,0,0,0,0,0,0,0,0,0,0,0,0,0,0,2,0,2,0,2,3,0,0,0,0,0,0,0,0,0,0,0,0,2,16,2,7,23,55,140,1,0,0,2,3,1,176,0,112,0,0,3,0,0,0,0,0,1,0,0,0,0,0,0,0,0,0,0,0,0,0,0,0,0,0,0,0,0,0,2,0,2,0,2,3,0,0,0,0,0,0,0,0,0,0,0,0,2,16,2,7,23,55,140,1,0,0,2,3,1,176,0,112,0,0,3,0,0,0,0,0,1,0,0,0,0,0,0,0,0,0,0,0,0,0,0,0,0,0,0,0,0,0,2,0,2,0,2,3,0,0,0,0,0,0,0,0,0,0,0,0,2,16,2,8,23,55,140,1,0,0,2,3,1,176,0,112,0,0,3,0,0,0,0,0,1,0,0,0,0,0,0,0,0,0,0,0,0,0,0,0,0,0,0,0,0,0,2,0,2,0,2,3,0,0,0,0,0,0,0,0,0,0,0,0,2,16,2,9,23,55,140,1,0,0,2,3,1,176,0,112,0,0,3,0,0,0,0,0,1,0,0,0,0,0,0,0,0,0,0,0,0,0,0,0,0,0,0,0,0,0,2,0,2,0,2,3,0,0,0,0,0,0,0,0,0,0,0,0,2,16,2,9,23,55,140,1,0,0,2,3,1,176,0,112,0,0,3,0,0,0,0,0,1,0,0,0,0,0,0,0,0,0,0,0,0,0,0,0,0,0,0,0,0,0,2,0,2,0,2,3,0,0,0,0,0,0,0,0,0,0,0,0,2,16,2,9,23,55,140,1,0,0,2,3,1,176,0,112,0,0,3,0,0,0,0,0,1,0,0,0,0,0,0,0,0,0,0,0,0,0,0,0,0,0,0,0,0,0,2,0,2,0,2,3,0,0,0,0,0,0,0,0,0,0,0,0,2,16,2,9,23,55,140,1,0,0,2,3,1,176,0,112,0,0,3,0,0,0,0,0,1,0,0,0,0,0,0,0,0,0,0,0,0,0,0,0,0,0,0,0,0,0,2,0,2,0,2,3,0,0,0,0,0,0,0,0,0,0,0,0,2,16,2,9,23,55,140,1,0,0,2,3,1,176,0,112,0,0,3,0,0,0,0,0,1,0,0,0,0,0,0,0,0,0,0,0,0,0,0,0,0,0,0,0,0,0,2,0,2,0,2,3,0,0,0,0,0,0,0,0,0,0,0,0,2,16,2,9,23,55,140,1,0,0,2,3,1,176,0,48,0,0,3,2,0,0,0,0,1,0,0,0,0,0,0,0,0,0,0,0,0,0,0,0,0,0,0,0,0,0,2,0,2,0,2,3,0,0,0,0,0,0,0,0,0,0,0,0,2,16,2,13,23,55,140,1,0,0,2,3,1,176,0,48,0,0,3,2,0,0,0,0,1,0,0,0,0,0,0,0,0,0,0,0,0,0,0,0,0,0,0,0,0,0,2,0,2,0,2,3,0,0,0,0,0,0,0,0,0,0,0,0,0,16,2,13,23,55,140,1,0,0,2,3,1,176,0,48,0,0,3,2,0,0,0,0,1,0,0,0,0,0,0,0,0,0,0,0,0,0,0,0,0,0,0,0,0,0,2,0,2,0,2,3,0,0,0,0,0,0,0,0,0,0,0,0,0,0,0,13,23,55,140,1,0,0,0,3,1,176,0,48,0,0,3,2,0,0,0,0,1,0,0,0,0,0,0,0,0,0,0,0,0,0,0,0,0,0,0,0,0,0,2,0,2,0,0,3,0,0,0,0,0,0,0,0,0,0,0,0"
